,Replicate.Name,Compound.Name,Retention.Time,Notes,Area,Height,IR,S.N,Run.Cmpd,runDate,type,SampID,replicate,13C Acetyl CoA.Norm.Area,13C-Isethionic Acid.Norm.Area,13C-Sulfoacetic Acid.Norm.Area,13C-Sulfolactic Acid.Norm.Area,d3-Cysteic Acid.Norm.Area,d4 Succinic Acid.Norm.Area,d4 Taurine.Norm.Area,D-Methionine.Norm.Area,Heavy Alanine.Norm.Area,Heavy Histidine.Norm.Area,Heavy Isoleucine.Norm.Area,PooModel.IS,SmpModel.IS,PooPlusModel.IS,PooModel,SmpModel,PooPlusModel
1,160802_Poo_0801PooledDiatoms_1,Picolinic Acid,6.28,,11453862,319282,1.020934854,187.5237188,160802_Poo_0801PooledDiatoms_1 Picolinic Acid,160802,Poo,0801PooledDiatoms,1,9322146.326,8998255.161,8463842.216,8960860.127,8091027.015,11453149.1,11814111.43,12308856.96,11191985.74,8269153.288,18468183.3,d4 Taurine.Norm.Area,13C-Sulfolactic Acid.Norm.Area,d4 Taurine.Norm.Area,11814111.43,8960860.127,11814111.43
2,160802_Poo_0801PooledDiatoms_2,Picolinic Acid,6.4,,10093513,301326,0.842046229,9.393138648,160802_Poo_0801PooledDiatoms_2 Picolinic Acid,160802,Poo,0801PooledDiatoms,2,7111488.963,7933756.285,7200294.269,8358208.894,10497429.54,11497319.46,11006400.3,10711933.1,9569325.852,6997518.428,15022952.04,d4 Taurine.Norm.Area,13C-Sulfolactic Acid.Norm.Area,d4 Taurine.Norm.Area,11006400.3,8358208.894,11006400.3
3,160802_Poo_0801PooledDiatoms_3,Picolinic Acid,6.275,,11090596,316920,1.025262345,788.5725039,160802_Poo_0801PooledDiatoms_3 Picolinic Acid,160802,Poo,0801PooledDiatoms,3,9157691.433,8200923.185,6646255.001,8820167.853,7836367.956,8595854.238,11571588.16,12160956.22,9624838.646,6893316.542,16387338.03,d4 Taurine.Norm.Area,13C-Sulfolactic Acid.Norm.Area,d4 Taurine.Norm.Area,11571588.16,8820167.853,11571588.16
4,160802_Smp_Np_12,Picolinic Acid,6.755,Bad IRcomparable to blkbad S/N,NA,9085,0.128279229,1.30439802,160802_Smp_Np_12 Picolinic Acid,160802,Smp,Np,12,NA,NA,NA,NA,NA,NA,NA,NA,NA,NA,NA,d4 Taurine.Norm.Area,13C-Sulfolactic Acid.Norm.Area,d4 Taurine.Norm.Area,NA,NA,NA
5,160802_Smp_Np_34,Picolinic Acid,6.78,Bad IRcomparable to blk,NA,14836,0.059753193,Inf,160802_Smp_Np_34 Picolinic Acid,160802,Smp,Np,34,NA,NA,NA,NA,NA,NA,NA,NA,NA,NA,NA,d4 Taurine.Norm.Area,13C-Sulfolactic Acid.Norm.Area,d4 Taurine.Norm.Area,NA,NA,NA
6,160802_Smp_Np_56,Picolinic Acid,6.155,Bad IRcomparable to blkbad S/N,NA,18085,0.191068205,3.966920984,160802_Smp_Np_56 Picolinic Acid,160802,Smp,Np,56,NA,NA,NA,NA,NA,NA,NA,NA,NA,NA,NA,d4 Taurine.Norm.Area,13C-Sulfolactic Acid.Norm.Area,d4 Taurine.Norm.Area,NA,NA,NA
7,160802_Smp_Pt_12,Picolinic Acid,6.055,Bad IRcomparable to blk,NA,16789,0.48391321,5.050931782,160802_Smp_Pt_12 Picolinic Acid,160802,Smp,Pt,12,NA,NA,NA,NA,NA,NA,NA,NA,NA,NA,NA,d4 Taurine.Norm.Area,13C-Sulfolactic Acid.Norm.Area,d4 Taurine.Norm.Area,NA,NA,NA
8,160802_Smp_Pt_34,Picolinic Acid,6.095,Bad IRcomparable to blk,NA,7867,0.052719596,4.160387513,160802_Smp_Pt_34 Picolinic Acid,160802,Smp,Pt,34,NA,NA,NA,NA,NA,NA,NA,NA,NA,NA,NA,d4 Taurine.Norm.Area,13C-Sulfolactic Acid.Norm.Area,d4 Taurine.Norm.Area,NA,NA,NA
9,160802_Smp_Pt_56,Picolinic Acid,NA,Bad RTNo second trace,NA,5686,NA,Inf,160802_Smp_Pt_56 Picolinic Acid,160802,Smp,Pt,56,NA,NA,NA,NA,NA,NA,NA,NA,NA,NA,NA,d4 Taurine.Norm.Area,13C-Sulfolactic Acid.Norm.Area,d4 Taurine.Norm.Area,NA,NA,NA
10,160802_Smp_Tp_12,Picolinic Acid,6.41,,18263846,468667,1.04267883,57.43782949,160802_Smp_Tp_12 Picolinic Acid,160802,Smp,Tp,12,27086763.19,21285423.6,20295793,24397696.07,18817775.41,17760538.1,15045856.85,28074757.49,17928765.86,28346006.68,15576267.42,d4 Taurine.Norm.Area,13C-Sulfolactic Acid.Norm.Area,d4 Taurine.Norm.Area,15045856.85,24397696.07,15045856.85
11,160802_Smp_Tp_34,Picolinic Acid,6.295,,21080536,535526,1.208231169,Inf,160802_Smp_Tp_34 Picolinic Acid,160802,Smp,Tp,34,21384573.07,18349790.1,22052136.93,23155166.13,20155184.36,23029909.16,18407599.41,34116248.1,17277233.75,27983034.03,22803345.4,d4 Taurine.Norm.Area,13C-Sulfolactic Acid.Norm.Area,d4 Taurine.Norm.Area,18407599.41,23155166.13,18407599.41
12,160802_Smp_Tp_56,Picolinic Acid,6.36,,17758300,530287,1.207513028,18.28340391,160802_Smp_Tp_56 Picolinic Acid,160802,Smp,Tp,56,14817205.49,15088042.74,15093802.99,20167400.21,14551491.85,17182698.17,18877188.47,25534511.89,14836840.48,19314826.1,22057818.63,d4 Taurine.Norm.Area,13C-Sulfolactic Acid.Norm.Area,d4 Taurine.Norm.Area,18877188.47,20167400.21,18877188.47
13,160802_Poo_0801PooledDiatoms_1,Ketoglutaric Acid,12.36,,3756175,298204,10.001318,742.3015591,160802_Poo_0801PooledDiatoms_1 Ketoglutaric Acid,160802,Poo,0801PooledDiatoms,1,3057101,2950884.259,2775629.088,2938620.946,2653368.217,3755941.212,3874315.055,4036561.712,3670295.401,2711782.878,6056448.769,D-Methionine.Norm.Area,Heavy Histidine.Norm.Area,D-Methionine.Norm.Area,4036561.712,2711782.878,4036561.712
14,160802_Poo_0801PooledDiatoms_2,Ketoglutaric Acid,12.34,,3956858,334690,13.81256545,165.4306017,160802_Poo_0801PooledDiatoms_2 Ketoglutaric Acid,160802,Poo,0801PooledDiatoms,2,2787845.223,3110190.379,2822658.67,3276584.251,4115201.323,4507178.075,4314727.991,4199290.989,3751366.204,2743166.504,5889296.219,D-Methionine.Norm.Area,Heavy Histidine.Norm.Area,D-Methionine.Norm.Area,4199290.989,2743166.504,4199290.989
15,160802_Poo_0801PooledDiatoms_3,Ketoglutaric Acid,12.33,,3646732,255602,7.139325953,35.65322374,160802_Poo_0801PooledDiatoms_3 Ketoglutaric Acid,160802,Poo,0801PooledDiatoms,3,3011167.875,2696570.05,2185374.96,2900185.739,2576699.556,2826428.509,3804888.47,3998680.34,3164771.946,2266612.004,5388369.569,D-Methionine.Norm.Area,Heavy Histidine.Norm.Area,D-Methionine.Norm.Area,3998680.34,2266612.004,3998680.34
16,160802_Smp_Np_12,Ketoglutaric Acid,12.565,Bad IR,949797,83773,15.54088946,Inf,160802_Smp_Np_12 Ketoglutaric Acid,160802,Smp,Np,12,1144125.413,1185460.497,1659966.839,1295444.788,1445734.629,953006.7213,1038246.584,531258.9261,968230.4439,1568820.329,537323.5447,D-Methionine.Norm.Area,Heavy Histidine.Norm.Area,D-Methionine.Norm.Area,531258.9261,1568820.329,531258.9261
17,160802_Smp_Np_34,Ketoglutaric Acid,12.475,,651035,69134,8.748471451,71.23788974,160802_Smp_Np_34 Ketoglutaric Acid,160802,Smp,Np,34,718326.6089,793453.8028,1054381.477,854840.804,1001265.75,683114.4785,708985.9575,368140.835,651200.2339,1013736.034,403191.2421,D-Methionine.Norm.Area,Heavy Histidine.Norm.Area,D-Methionine.Norm.Area,368140.835,1013736.034,368140.835
18,160802_Smp_Np_56,Ketoglutaric Acid,12.43,,831867,69071,11.94353195,15696.60377,160802_Smp_Np_56 Ketoglutaric Acid,160802,Smp,Np,56,866804.2845,1049771.971,1135002.708,1041464.242,1603684.979,881050.8047,932009.107,475761.587,893831.7885,1278471.676,581168.6628,D-Methionine.Norm.Area,Heavy Histidine.Norm.Area,D-Methionine.Norm.Area,475761.587,1278471.676,475761.587
19,160802_Smp_Pt_12,Ketoglutaric Acid,12.5,,2361409,173644,10.62333941,Inf,160802_Smp_Pt_12 Ketoglutaric Acid,160802,Smp,Pt,12,3520048.877,3055325.766,3186782.693,2016143.164,2708608.792,2461990.174,1921888.063,3911731.906,3125902.705,2834098.561,3538881.998,D-Methionine.Norm.Area,Heavy Histidine.Norm.Area,D-Methionine.Norm.Area,3911731.906,2834098.561,3911731.906
20,160802_Smp_Pt_34,Ketoglutaric Acid,12.455,,4215411,329272,12.44589148,64.18156747,160802_Smp_Pt_34 Ketoglutaric Acid,160802,Smp,Pt,34,4402775.068,5286860.982,4261352.164,3867207.746,4527537.003,4713188.404,4858505.55,6130672.898,5530130.186,3743211.831,4840109.382,D-Methionine.Norm.Area,Heavy Histidine.Norm.Area,D-Methionine.Norm.Area,6130672.898,3743211.831,6130672.898
21,160802_Smp_Pt_56,Ketoglutaric Acid,12.385,,5933071,461475,8.12874167,206.7736274,160802_Smp_Pt_56 Ketoglutaric Acid,160802,Smp,Pt,56,6193630.073,6350148.426,6658269.659,5104084.07,4421222.411,5358442.505,5742226.4,9054323.639,6557856.091,4272075.686,7634347.002,D-Methionine.Norm.Area,Heavy Histidine.Norm.Area,D-Methionine.Norm.Area,9054323.639,4272075.686,9054323.639
22,160802_Smp_Tp_12,Ketoglutaric Acid,12.515,,3054234,213642,7.6950291,397.75682,160802_Smp_Tp_12 Ketoglutaric Acid,160802,Smp,Tp,12,4529676.449,3559527.629,3394033.274,4079988.018,3146866.737,2970066.617,2516094.778,4694897.168,2998199.079,4740257.74,2604794.496,D-Methionine.Norm.Area,Heavy Histidine.Norm.Area,D-Methionine.Norm.Area,4694897.168,4740257.74,4694897.168
23,160802_Smp_Tp_34,Ketoglutaric Acid,12.45,,2725178,202731,14.74336321,360.4273279,160802_Smp_Tp_34 Ketoglutaric Acid,160802,Smp,Tp,34,2764482.272,2372161.897,2850781.329,2993374.994,2605553.531,2977182.448,2379635.173,4410364.555,2233507.598,3617495.717,2947893.508,D-Methionine.Norm.Area,Heavy Histidine.Norm.Area,D-Methionine.Norm.Area,4410364.555,3617495.717,4410364.555
24,160802_Smp_Tp_56,Ketoglutaric Acid,12.39,,3577522,253965,7.883564164,396.699812,160802_Smp_Tp_56 Ketoglutaric Acid,160802,Smp,Tp,56,2985019.885,3039581.764,3040742.203,4062850.495,2931490.189,3461563.366,3802929.169,5144089.133,2988975.477,3891094.04,4443687.257,D-Methionine.Norm.Area,Heavy Histidine.Norm.Area,D-Methionine.Norm.Area,5144089.133,3891094.04,5144089.133
25,160802_Poo_0801PooledDiatoms_1,Sarcosine,10.49,,9154462,694283,3108.476061,740.6349681,160802_Poo_0801PooledDiatoms_1 Sarcosine,160802,Poo,0801PooledDiatoms,1,7450695.172,7191826.21,6764698.4,7161938.351,6466727.061,9153892.217,9442390.183,9837813.947,8945158.248,6609093.907,14760635.52,13C-Isethionic Acid.Norm.Area,Heavy Histidine.Norm.Area,13C-Isethionic Acid.Norm.Area,7191826.21,6609093.907,7191826.21
26,160802_Poo_0801PooledDiatoms_2,Sarcosine,10.525,,8613185,629702,2803.771159,1083.874654,160802_Poo_0801PooledDiatoms_2 Sarcosine,160802,Poo,0801PooledDiatoms,2,6068508.562,6770181.069,6144289.564,7132382.895,8957862.603,9811107.346,9392187.035,9140906.789,8165875.834,5971253.097,12819665.97,13C-Isethionic Acid.Norm.Area,Heavy Histidine.Norm.Area,13C-Isethionic Acid.Norm.Area,6770181.069,5971253.097,6770181.069
27,160802_Poo_0801PooledDiatoms_3,Sarcosine,10.475,,10019797,756368,6003.473337,185.4281507,160802_Poo_0801PooledDiatoms_3 Sarcosine,160802,Poo,0801PooledDiatoms,3,8273514.71,7409122.605,6004557.908,7968579.091,7079765.247,7765922.995,10454349.28,10986813.75,8695558.777,6227765.614,14805137.65,13C-Isethionic Acid.Norm.Area,Heavy Histidine.Norm.Area,13C-Isethionic Acid.Norm.Area,7409122.605,6227765.614,7409122.605
28,160802_Smp_Np_12,Sarcosine,10.55,comparable to blk,NA,16810,Inf,Inf,160802_Smp_Np_12 Sarcosine,160802,Smp,Np,12,NA,NA,NA,NA,NA,NA,NA,NA,NA,NA,NA,13C-Isethionic Acid.Norm.Area,Heavy Histidine.Norm.Area,13C-Isethionic Acid.Norm.Area,NA,NA,NA
29,160802_Smp_Np_34,Sarcosine,10.35,comparable to blk,NA,4855,Inf,Inf,160802_Smp_Np_34 Sarcosine,160802,Smp,Np,34,NA,NA,NA,NA,NA,NA,NA,NA,NA,NA,NA,13C-Isethionic Acid.Norm.Area,Heavy Histidine.Norm.Area,13C-Isethionic Acid.Norm.Area,NA,NA,NA
30,160802_Smp_Np_56,Sarcosine,10.245,comparable to blkbad S/N,NA,9999,Inf,2.822702018,160802_Smp_Np_56 Sarcosine,160802,Smp,Np,56,NA,NA,NA,NA,NA,NA,NA,NA,NA,NA,NA,13C-Isethionic Acid.Norm.Area,Heavy Histidine.Norm.Area,13C-Isethionic Acid.Norm.Area,NA,NA,NA
31,160802_Smp_Pt_12,Sarcosine,10.545,,9887673,764499,17880.05967,249.0724823,160802_Smp_Pt_12 Sarcosine,160802,Smp,Pt,12,14739120.68,12793235.77,13343671.17,8441978.635,11341465.21,10308825.69,8047314.426,16379172.75,13088754.97,11866914.97,14817978.58,13C-Isethionic Acid.Norm.Area,Heavy Histidine.Norm.Area,13C-Isethionic Acid.Norm.Area,12793235.77,11866914.97,12793235.77
32,160802_Smp_Pt_34,Sarcosine,10.5,,16536372,1266493,6627.804409,115.9876365,160802_Smp_Pt_34 Sarcosine,160802,Smp,Pt,34,17271370.78,20739496.08,16716591.72,15170427.25,17760791.56,18489071.82,19059127.37,24049633.04,21693801.62,14684011.43,18986962.19,13C-Isethionic Acid.Norm.Area,Heavy Histidine.Norm.Area,13C-Isethionic Acid.Norm.Area,20739496.08,14684011.43,20739496.08
33,160802_Smp_Pt_56,Sarcosine,10.485,,18887712,1532128,4802.367658,173.1117176,160802_Smp_Pt_56 Sarcosine,160802,Smp,Pt,56,19717192.17,20215462.55,21196355.1,16248662.78,14074797.96,17058403.45,18280165.28,28824104.29,20876692.22,13599994.88,24303661.21,13C-Isethionic Acid.Norm.Area,Heavy Histidine.Norm.Area,13C-Isethionic Acid.Norm.Area,20215462.55,13599994.88,20215462.55
34,160802_Smp_Tp_12,Sarcosine,10.515,,7656606,627197,1368.962274,379.3281945,160802_Smp_Tp_12 Sarcosine,160802,Smp,Tp,12,11355366.97,8923317.795,8508442.879,10228050.88,7888825.395,7445608.255,6307554.16,11769555.91,7516133.033,11883269.54,6529913.938,13C-Isethionic Acid.Norm.Area,Heavy Histidine.Norm.Area,13C-Isethionic Acid.Norm.Area,8923317.795,11883269.54,8923317.795
35,160802_Smp_Tp_34,Sarcosine,10.495,,7722681,644952,1997.072925,306.642973,160802_Smp_Tp_34 Sarcosine,160802,Smp,Tp,34,7834062.48,6722294.695,8078619.012,8482704.687,7383686.037,8436817.825,6743472.661,12498206.93,6329372.5,10251354.39,8353818.057,13C-Isethionic Acid.Norm.Area,Heavy Histidine.Norm.Area,13C-Isethionic Acid.Norm.Area,6722294.695,10251354.39,6722294.695
36,160802_Smp_Tp_56,Sarcosine,10.515,,8135701,604721,919.8079141,132.6435171,160802_Smp_Tp_56 Sarcosine,160802,Smp,Tp,56,6788282.299,6912362.354,6915001.327,9239394.429,6666549.545,7871997.583,8648303.111,11698256.81,6797277.774,8848800.28,10105461.51,13C-Isethionic Acid.Norm.Area,Heavy Histidine.Norm.Area,13C-Isethionic Acid.Norm.Area,6912362.354,8848800.28,6912362.354
37,160802_Poo_0801PooledDiatoms_1,13C Acetyl CoA,10.85,,1135267,27356,1.487298705,296.4885476,160802_Poo_0801PooledDiatoms_1 13C Acetyl CoA,160802,Poo,0801PooledDiatoms,1,923978.75,891875.7832,838906.6292,888169.3174,801954.4819,1135196.34,1170973.671,1220011.13,1109310.735,819609.7392,1830502.153,13C Acetyl CoA.Norm.Area,13C Acetyl CoA.Norm.Area,13C Acetyl CoA.Norm.Area,923978.75,923978.75,923978.75
38,160802_Poo_0801PooledDiatoms_2,13C Acetyl CoA,10.86,,1311426,47884,1.516074884,Inf,160802_Poo_0801PooledDiatoms_2 13C Acetyl CoA,160802,Poo,0801PooledDiatoms,2,923978.75,1030813.976,935517.0109,1085962.088,1363905.91,1493819.216,1430035.263,1391775.844,1243319.618,909170.831,1951896.223,13C Acetyl CoA.Norm.Area,13C Acetyl CoA.Norm.Area,13C Acetyl CoA.Norm.Area,923978.75,923978.75,923978.75
39,160802_Poo_0801PooledDiatoms_3,13C Acetyl CoA,10.85,,1119002,45099,1.434632663,Inf,160802_Poo_0801PooledDiatoms_3 13C Acetyl CoA,160802,Poo,0801PooledDiatoms,3,923978.75,827444.21,670583.6763,889923.8118,790661.8738,867291.3596,1167532.412,1226997.569,971112.2554,695511.314,1653424.58,13C Acetyl CoA.Norm.Area,13C Acetyl CoA.Norm.Area,13C Acetyl CoA.Norm.Area,923978.75,923978.75,923978.75
40,160802_Smp_Np_12,13C Acetyl CoA,11.03,,767042,30676,1.58414946,Inf,160802_Smp_Np_12 13C Acetyl CoA,160802,Smp,Np,12,923978.75,957360.3523,1340564.652,1046182.038,1167553.889,769634.1234,838472.5752,429036.846,781928.5765,1266956.079,433934.5422,13C Acetyl CoA.Norm.Area,13C Acetyl CoA.Norm.Area,13C Acetyl CoA.Norm.Area,923978.75,923978.75,923978.75
41,160802_Smp_Np_34,13C Acetyl CoA,10.84,,837422,31976,1.405037466,Inf,160802_Smp_Np_34 13C Acetyl CoA,160802,Smp,Np,34,923978.75,1020614.361,1356243.896,1099576.053,1287921.49,878685.6203,911963.932,473537.113,837634.5393,1303961.933,518622.219,13C Acetyl CoA.Norm.Area,13C Acetyl CoA.Norm.Area,13C Acetyl CoA.Norm.Area,923978.75,923978.75,923978.75
42,160802_Smp_Np_56,13C Acetyl CoA,10.87,,886737,38676,1.921377822,Inf,160802_Smp_Np_56 13C Acetyl CoA,160802,Smp,Np,56,923978.75,1119014.997,1209867.559,1110159.289,1709464.142,939164.9716,993484.4867,507142.8514,952788.9899,1362799.749,619502.5846,13C Acetyl CoA.Norm.Area,13C Acetyl CoA.Norm.Area,13C Acetyl CoA.Norm.Area,923978.75,923978.75,923978.75
43,160802_Smp_Pt_12,13C Acetyl CoA,11.14,,619847,18881,1.655715766,Inf,160802_Smp_Pt_12 13C Acetyl CoA,160802,Smp,Pt,12,923978.75,801993.4328,836499.6033,529218.0608,710983.5839,646248.5843,504477.0094,1026791.753,820519.196,743923.4333,928922.262,13C Acetyl CoA.Norm.Area,13C Acetyl CoA.Norm.Area,13C Acetyl CoA.Norm.Area,923978.75,923978.75,923978.75
44,160802_Smp_Pt_34,13C Acetyl CoA,10.835,,884658,42389,1.369318806,97.34698323,160802_Smp_Pt_34 13C Acetyl CoA,160802,Smp,Pt,34,923978.75,1109515.505,894299.3418,811583.0864,950161.6403,989122.9649,1019619.63,1286600.245,1160568.663,785560.9553,1015758.958,13C Acetyl CoA.Norm.Area,13C Acetyl CoA.Norm.Area,13C Acetyl CoA.Norm.Area,923978.75,923978.75,923978.75
45,160802_Smp_Pt_56,13C Acetyl CoA,10.785,,885108,31663,1.631869378,461.274571,160802_Smp_Pt_56 13C Acetyl CoA,160802,Smp,Pt,56,923978.75,947328.4868,993294.66,761437.9877,659567.2504,799383.7136,856637.4015,1350743.028,978314.7528,637317.2285,1138907.929,13C Acetyl CoA.Norm.Area,13C Acetyl CoA.Norm.Area,13C Acetyl CoA.Norm.Area,923978.75,923978.75,923978.75
46,160802_Smp_Tp_12,13C Acetyl CoA,11.09,,623013,33611,1.248728248,89.1954983,160802_Smp_Tp_12 13C Acetyl CoA,160802,Smp,Tp,12,923978.75,726084.5066,692326.4072,832249.7802,641908.5396,605844.2521,513241.5381,957681.0321,611582.8069,966933.8353,531334.8071,13C Acetyl CoA.Norm.Area,13C Acetyl CoA.Norm.Area,13C Acetyl CoA.Norm.Area,923978.75,923978.75,923978.75
47,160802_Smp_Tp_34,13C Acetyl CoA,10.91,,910842,37703,1.540874949,411.4740874,160802_Smp_Tp_34 13C Acetyl CoA,160802,Smp,Tp,34,923978.75,792852.6822,952822.6659,1000482.048,870859.661,995069.9791,795350.491,1474085.462,746509.9628,1209083.236,985280.6748,13C Acetyl CoA.Norm.Area,13C Acetyl CoA.Norm.Area,13C Acetyl CoA.Norm.Area,923978.75,923978.75,923978.75
48,160802_Smp_Tp_56,13C Acetyl CoA,10.825,,1107381,40635,1.302929937,286.7020124,160802_Smp_Tp_56 13C Acetyl CoA,160802,Smp,Tp,56,923978.75,940867.7551,941226.9557,1257608.882,907409.245,1071487.332,1177153.21,1592293.931,925203.1581,1204443.637,1375492.544,13C Acetyl CoA.Norm.Area,13C Acetyl CoA.Norm.Area,13C Acetyl CoA.Norm.Area,923978.75,923978.75,923978.75
49,160802_Poo_0801PooledDiatoms_1,13C-Isethionic Acid,6.475,,24386496,744632,1.374427113,135.4445633,160802_Poo_0801PooledDiatoms_1 13C-Isethionic Acid,160802,Poo,0801PooledDiatoms,1,19847845.56,19158246.67,18020424.41,19078628.65,17226661.01,24384978.16,25153505.52,26206871.63,23828933.46,17605910.88,39320735.5,13C-Isethionic Acid.Norm.Area,13C-Isethionic Acid.Norm.Area,13C-Isethionic Acid.Norm.Area,19158246.67,19158246.67,19158246.67
50,160802_Poo_0801PooledDiatoms_2,13C-Isethionic Acid,6.305,,24373576,724513,1.343802983,103.5086154,160802_Poo_0801PooledDiatoms_2 13C-Isethionic Acid,160802,Poo,0801PooledDiatoms,2,17172655.02,19158246.67,17387099.97,20183204.77,25348944.08,27763454.58,26577994.61,25866922.2,23107781.3,16897441.67,36277068.57,13C-Isethionic Acid.Norm.Area,13C-Isethionic Acid.Norm.Area,13C-Isethionic Acid.Norm.Area,19158246.67,19158246.67,19158246.67
51,160802_Poo_0801PooledDiatoms_3,13C-Isethionic Acid,6.39,,25908836,772244,1.337768391,201.280111,160802_Poo_0801PooledDiatoms_3 13C-Isethionic Acid,160802,Poo,0801PooledDiatoms,3,21393361.14,19158246.67,15526373.05,20604869.42,18306606.08,20080848.47,27032485.9,28409313.64,22484667.73,16103535.62,38282600.28,13C-Isethionic Acid.Norm.Area,13C-Isethionic Acid.Norm.Area,13C-Isethionic Acid.Norm.Area,19158246.67,19158246.67,19158246.67
52,160802_Smp_Np_12,13C-Isethionic Acid,6.78,,15349685,588053,1.378684914,227.7008079,160802_Smp_Np_12 13C-Isethionic Acid,160802,Smp,Np,12,18490229.69,19158246.67,26826751.5,20935704.61,23364541.21,15401557.36,16779120.19,8585684.278,15647588.19,25353731.25,8683694.678,13C-Isethionic Acid.Norm.Area,13C-Isethionic Acid.Norm.Area,13C-Isethionic Acid.Norm.Area,19158246.67,19158246.67,19158246.67
53,160802_Smp_Np_34,13C-Isethionic Acid,6.7,,15719490,534037,1.315054322,78.12626647,160802_Smp_Np_34 13C-Isethionic Acid,160802,Smp,Np,34,17344271.73,19158246.67,25458445.52,20640459.38,24175945.91,16494061.32,17118738.11,8888901.787,15723479.64,24477045.71,9735207.321,13C-Isethionic Acid.Norm.Area,13C-Isethionic Acid.Norm.Area,13C-Isethionic Acid.Norm.Area,19158246.67,19158246.67,19158246.67
54,160802_Smp_Np_56,13C-Isethionic Acid,6.545,,15181500,431610,1.372903906,1331.193639,160802_Smp_Np_56 13C-Isethionic Acid,160802,Smp,Np,56,15819102.39,19158246.67,20713700.16,19006631.34,29267110.62,16079100.14,17009084.69,8682607.356,16312351.97,23331996.29,10606277.27,13C-Isethionic Acid.Norm.Area,13C-Isethionic Acid.Norm.Area,13C-Isethionic Acid.Norm.Area,19158246.67,19158246.67,19158246.67
55,160802_Smp_Pt_12,13C-Isethionic Acid,6.7,,14807081,506872,1.410974899,371.8724108,160802_Smp_Pt_12 13C-Isethionic Acid,160802,Smp,Pt,12,22072266.53,19158246.67,19982539.86,12642111.19,16984177.57,15437769.54,12051089.93,24528292.72,19600795.35,17771054.04,22190358.55,13C-Isethionic Acid.Norm.Area,13C-Isethionic Acid.Norm.Area,13C-Isethionic Acid.Norm.Area,19158246.67,19158246.67,19158246.67
56,160802_Smp_Pt_34,13C-Isethionic Acid,6.665,,15275583,537284,1.420050402,94.18868845,160802_Smp_Pt_34 13C-Isethionic Acid,160802,Smp,Pt,34,15954542.98,19158246.67,15442062.16,14013782.5,16406648.67,17079402.38,17605994.95,22216007.57,20039792.72,13564452.67,17539331.89,13C-Isethionic Acid.Norm.Area,13C-Isethionic Acid.Norm.Area,13C-Isethionic Acid.Norm.Area,19158246.67,19158246.67,19158246.67
57,160802_Smp_Pt_56,13C-Isethionic Acid,6.545,,17899934,524417,1.466448277,Inf,160802_Smp_Pt_56 13C-Isethionic Acid,160802,Smp,Pt,56,18686034.52,19158246.67,20087841.09,15398900.16,13338722.79,16166293.51,17324160.38,27316678.93,19784895.75,12888750.67,23032643.21,13C-Isethionic Acid.Norm.Area,13C-Isethionic Acid.Norm.Area,13C-Isethionic Acid.Norm.Area,19158246.67,19158246.67,19158246.67
58,160802_Smp_Tp_12,13C-Isethionic Acid,6.76,,16438633,567973,1.403710716,105.0907324,160802_Smp_Tp_12 13C-Isethionic Acid,160802,Smp,Tp,12,24379824.45,19158246.67,18267515.64,21959491.54,16937205.01,15985623.6,13542236.33,25269082.7,16137039.38,25513224.37,14019639.87,13C-Isethionic Acid.Norm.Area,13C-Isethionic Acid.Norm.Area,13C-Isethionic Acid.Norm.Area,19158246.67,19158246.67,19158246.67
59,160802_Smp_Tp_34,13C-Isethionic Acid,6.58,,22009304,755019,1.365359396,83.88944962,160802_Smp_Tp_34 13C-Isethionic Acid,160802,Smp,Tp,34,22326736.36,19158246.67,23023711.81,24175338.36,21043183.14,24044562.8,19218602.95,35619344.59,18038435.55,29215912.85,23808017.08,13C-Isethionic Acid.Norm.Area,13C-Isethionic Acid.Norm.Area,13C-Isethionic Acid.Norm.Area,19158246.67,19158246.67,19158246.67
60,160802_Smp_Tp_56,13C-Isethionic Acid,6.42,,22548842,725398,1.317216051,74.57529701,160802_Smp_Tp_56 13C-Isethionic Acid,160802,Smp,Tp,56,18814347.41,19158246.67,19165560.82,25607829.63,18476953.91,21817963.78,23969565.8,32422792.4,18839279.19,24525262.1,28008214.02,13C-Isethionic Acid.Norm.Area,13C-Isethionic Acid.Norm.Area,13C-Isethionic Acid.Norm.Area,19158246.67,19158246.67,19158246.67
61,160802_Poo_0801PooledDiatoms_1,13C-Sulfoacetic Acid,13.85,,5228195,1164773,1.846796168,Inf,160802_Poo_0801PooledDiatoms_1 13C-Sulfoacetic Acid,160802,Poo,0801PooledDiatoms,1,4255158.549,4107316.173,3863379.667,4090246.95,3693205.574,5227869.592,5392633.356,5618463.399,5108659.758,3774512.551,8429930.759,13C-Sulfoacetic Acid.Norm.Area,13C-Sulfoacetic Acid.Norm.Area,13C-Sulfoacetic Acid.Norm.Area,3863379.667,3863379.667,3863379.667
62,160802_Poo_0801PooledDiatoms_2,13C-Sulfoacetic Acid,13.85,,5415761,1150071,1.927817217,219.2014907,160802_Poo_0801PooledDiatoms_2 13C-Sulfoacetic Acid,160802,Poo,0801PooledDiatoms,2,3815730.418,4256925.005,3863379.667,4484668.694,5632485.884,6168985.402,5905578.511,5747579.611,5134503.888,3754578.549,8060693.808,13C-Sulfoacetic Acid.Norm.Area,13C-Sulfoacetic Acid.Norm.Area,13C-Sulfoacetic Acid.Norm.Area,3863379.667,3863379.667,3863379.667
63,160802_Poo_0801PooledDiatoms_3,13C-Sulfoacetic Acid,13.85,,6446816,1315835,2.816472751,137.0776765,160802_Poo_0801PooledDiatoms_3 13C-Sulfoacetic Acid,160802,Poo,0801PooledDiatoms,3,5323244.274,4767087.612,3863379.667,5127046.305,4555176.504,4996655.783,6726410.349,7069002.163,5594790.738,4006993.256,9525741.719,13C-Sulfoacetic Acid.Norm.Area,13C-Sulfoacetic Acid.Norm.Area,13C-Sulfoacetic Acid.Norm.Area,3863379.667,3863379.667,3863379.667
64,160802_Smp_Np_12,13C-Sulfoacetic Acid,13.96,,2210542,428572,1.536368249,2082.489642,160802_Smp_Np_12 13C-Sulfoacetic Acid,160802,Smp,Np,12,2662818.769,2759021.368,3863379.667,3014997.007,3364779.124,2218012.253,2416398.116,1236443.334,2253443.696,3651246.77,1250558.028,13C-Sulfoacetic Acid.Norm.Area,13C-Sulfoacetic Acid.Norm.Area,13C-Sulfoacetic Acid.Norm.Area,3863379.667,3863379.667,3863379.667
65,160802_Smp_Np_34,13C-Sulfoacetic Acid,13.95,,2385470,348829,1.789454575,15592.30719,160802_Smp_Np_34 13C-Sulfoacetic Acid,160802,Smp,Np,34,2632034.492,2907309.504,3863379.667,3132238.809,3668757.3,2503013.041,2597809.23,1348911.991,2386075.437,3714449.911,1477340.868,13C-Sulfoacetic Acid.Norm.Area,13C-Sulfoacetic Acid.Norm.Area,13C-Sulfoacetic Acid.Norm.Area,3863379.667,3863379.667,3863379.667
66,160802_Smp_Np_56,13C-Sulfoacetic Acid,13.89,,2831551,561350,2.204936664,74.49714479,160802_Smp_Np_56 13C-Sulfoacetic Acid,160802,Smp,Np,56,2950472.297,3573266.97,3863379.667,3544988.702,5458704.104,2998965.324,3172419.772,1619421.371,3042469.884,4351726.603,1978211.311,13C-Sulfoacetic Acid.Norm.Area,13C-Sulfoacetic Acid.Norm.Area,13C-Sulfoacetic Acid.Norm.Area,3863379.667,3863379.667,3863379.667
67,160802_Smp_Pt_12,13C-Sulfoacetic Acid,13.96,,2862768,519153,1.712479863,Inf,160802_Smp_Pt_12 13C-Sulfoacetic Acid,160802,Smp,Pt,12,4267402.759,3704012.661,3863379.667,2444197.567,3283682.994,2984703.914,2329930.837,4742245.382,3789574.036,3435815.934,4290234.406,13C-Sulfoacetic Acid.Norm.Area,13C-Sulfoacetic Acid.Norm.Area,13C-Sulfoacetic Acid.Norm.Area,3863379.667,3863379.667,3863379.667
68,160802_Smp_Pt_34,13C-Sulfoacetic Acid,13.92,,3821729,668815,2.039396441,175.8274931,160802_Smp_Pt_34 13C-Sulfoacetic Acid,160802,Smp,Pt,34,3991594.926,4793115.057,3863379.667,3506044.841,4104705.203,4273018.409,4404764.223,5558122.424,5013665.075,3393629.046,4388086.094,13C-Sulfoacetic Acid.Norm.Area,13C-Sulfoacetic Acid.Norm.Area,13C-Sulfoacetic Acid.Norm.Area,3863379.667,3863379.667,3863379.667
69,160802_Smp_Pt_56,13C-Sulfoacetic Acid,13.9,,3442592,537915,1.510408929,102.7976226,160802_Smp_Pt_56 13C-Sulfoacetic Acid,160802,Smp,Pt,56,3593778.22,3684596.083,3863379.667,2961582.457,2565360.317,3109170.833,3331856.751,5253660.731,3805115.92,2478819.751,4429736.626,13C-Sulfoacetic Acid.Norm.Area,13C-Sulfoacetic Acid.Norm.Area,13C-Sulfoacetic Acid.Norm.Area,3863379.667,3863379.667,3863379.667
70,160802_Smp_Tp_12,13C-Sulfoacetic Acid,13.95,,3476591,723567,2.120922676,130.3663392,160802_Smp_Tp_12 13C-Sulfoacetic Acid,160802,Smp,Tp,12,5156066.096,4051759.531,3863379.667,4644192.169,3582033.524,3380784.469,2864034.799,5344134.483,3412807.249,5395767.776,2965000.423,13C-Sulfoacetic Acid.Norm.Area,13C-Sulfoacetic Acid.Norm.Area,13C-Sulfoacetic Acid.Norm.Area,3863379.667,3863379.667,3863379.667
71,160802_Smp_Tp_34,13C-Sulfoacetic Acid,13.91,,3693162,921341,2.714905523,223.6674304,160802_Smp_Tp_34 13C-Sulfoacetic Acid,160802,Smp,Tp,34,3746427.161,3214754.477,3863379.667,4056622.643,3531046.885,4034678.5,3224882.263,5976927.298,3026850.131,4902431.224,3994986.12,13C-Sulfoacetic Acid.Norm.Area,13C-Sulfoacetic Acid.Norm.Area,13C-Sulfoacetic Acid.Norm.Area,3863379.667,3863379.667,3863379.667
72,160802_Smp_Tp_56,13C-Sulfoacetic Acid,13.87,,4545379,923289,1.767675279,2383.274109,160802_Smp_Tp_56 13C-Sulfoacetic Acid,160802,Smp,Tp,56,3792582.324,3861905.284,3863379.667,5162007.479,3724570.791,4398049.105,4831767.459,6535762.665,3797608.055,4943784.311,5645875.2,13C-Sulfoacetic Acid.Norm.Area,13C-Sulfoacetic Acid.Norm.Area,13C-Sulfoacetic Acid.Norm.Area,3863379.667,3863379.667,3863379.667
73,160802_Poo_0801PooledDiatoms_1,13C-Sulfolactic Acid,13.51,,3848118,348456,1.548635026,143.4542998,160802_Poo_0801PooledDiatoms_1 13C-Sulfolactic Acid,160802,Poo,0801PooledDiatoms,1,3131932.188,3023115.492,2843570.455,3010552,2718316.904,3847878.489,3969149.867,4135367.969,3760136.256,2778161.428,6204697.471,13C-Sulfolactic Acid.Norm.Area,13C-Sulfolactic Acid.Norm.Area,13C-Sulfolactic Acid.Norm.Area,3010552,3010552,3010552
74,160802_Poo_0801PooledDiatoms_2,13C-Sulfolactic Acid,13.47,,3635593,305912,1.368802567,89.39273037,160802_Poo_0801PooledDiatoms_2 13C-Sulfolactic Acid,160802,Poo,0801PooledDiatoms,2,2561494.644,2857667.971,2593481.52,3010552,3781080.12,4141231.518,3964406.83,3858342.383,3446785.483,2520443.478,5411132.8,13C-Sulfolactic Acid.Norm.Area,13C-Sulfolactic Acid.Norm.Area,13C-Sulfolactic Acid.Norm.Area,3010552,3010552,3010552
75,160802_Poo_0801PooledDiatoms_3,13C-Sulfolactic Acid,13.46,,3785508,315112,1.395767318,10122.67914,160802_Poo_0801PooledDiatoms_3 13C-Sulfolactic Acid,160802,Poo,0801PooledDiatoms,3,3125757.55,2799187.737,2268539.173,3010552,2674755.585,2933987.947,3949683.097,4150849.697,3285207.007,2352867.683,5593423.402,13C-Sulfolactic Acid.Norm.Area,13C-Sulfolactic Acid.Norm.Area,13C-Sulfolactic Acid.Norm.Area,3010552,3010552,3010552
76,160802_Smp_Np_12,13C-Sulfolactic Acid,13.55,,2207283,229148,1.51890683,Inf,160802_Smp_Np_12 13C-Sulfolactic Acid,160802,Smp,Np,12,2658892.977,2754953.745,3857683.89,3010552,3359818.433,2214742.239,2412835.622,1234620.447,2250121.446,3645863.74,1248714.331,13C-Sulfolactic Acid.Norm.Area,13C-Sulfolactic Acid.Norm.Area,13C-Sulfolactic Acid.Norm.Area,3010552,3010552,3010552
77,160802_Smp_Np_34,13C-Sulfolactic Acid,13.53,,2292795,188745,1.29913557,Inf,160802_Smp_Np_34 13C-Sulfolactic Acid,160802,Smp,Np,34,2529780.515,2794361.151,3713288.192,3010552,3526226.863,2405771.519,2496884.896,1296507.048,2293376.916,3570144.325,1419946.491,13C-Sulfolactic Acid.Norm.Area,13C-Sulfolactic Acid.Norm.Area,13C-Sulfolactic Acid.Norm.Area,3010552,3010552,3010552
78,160802_Smp_Np_56,13C-Sulfolactic Acid,13.5,,2404671,246001,1.727623851,Inf,160802_Smp_Np_56 13C-Sulfolactic Acid,160802,Smp,Np,56,2505663.917,3034567.083,3280942.864,3010552,4635758.797,2546846.214,2694150.954,1375280.052,2583792.097,3695667.414,1679979.407,13C-Sulfolactic Acid.Norm.Area,13C-Sulfolactic Acid.Norm.Area,13C-Sulfolactic Acid.Norm.Area,3010552,3010552,3010552
79,160802_Smp_Pt_12,13C-Sulfolactic Acid,13.56,,3526111,357382,1.557515616,Inf,160802_Smp_Pt_12 13C-Sulfolactic Acid,160802,Smp,Pt,12,5256219.09,4562283.701,4758578.25,3010552,4044557.828,3676301.155,2869808.085,5841089.325,4667670.833,4231942.078,5284341.146,13C-Sulfolactic Acid.Norm.Area,13C-Sulfolactic Acid.Norm.Area,13C-Sulfolactic Acid.Norm.Area,3010552,3010552,3010552
80,160802_Smp_Pt_34,13C-Sulfolactic Acid,13.56,,3281622,304510,1.391530194,784.3903079,160802_Smp_Pt_34 13C-Sulfolactic Acid,160802,Smp,Pt,34,3427481.573,4115726.63,3317386.374,3010552,3524606.506,3669132.798,3782259.595,4772619.101,4305107.35,2914023.4,3767938.507,13C-Sulfolactic Acid.Norm.Area,13C-Sulfolactic Acid.Norm.Area,13C-Sulfolactic Acid.Norm.Area,3010552,3010552,3010552
81,160802_Smp_Pt_56,13C-Sulfolactic Acid,13.53,,3499515,307026,1.348511846,1546.039735,160802_Smp_Pt_56 13C-Sulfolactic Acid,160802,Smp,Pt,56,3653201.073,3745520.603,3927260.359,3010552,2607778.357,3160580.739,3386948.752,5340529.616,3868033.225,2519806.849,4502981.989,13C-Sulfolactic Acid.Norm.Area,13C-Sulfolactic Acid.Norm.Area,13C-Sulfolactic Acid.Norm.Area,3010552,3010552,3010552
82,160802_Smp_Tp_12,13C-Sulfolactic Acid,13.6,,2253666,224326,1.355931122,Inf,160802_Smp_Tp_12 13C-Sulfolactic Acid,160802,Smp,Tp,12,3342369.25,2626513.356,2504397.958,3010552,2322018.081,2191560.356,1856582.454,3464282.737,2212318.809,3497753.512,1922032.429,13C-Sulfolactic Acid.Norm.Area,13C-Sulfolactic Acid.Norm.Area,13C-Sulfolactic Acid.Norm.Area,3010552,3010552,3010552
83,160802_Smp_Tp_34,13C-Sulfolactic Acid,13.53,,2740816,243416,1.491813254,1355.827484,160802_Smp_Tp_34 13C-Sulfolactic Acid,160802,Smp,Tp,34,2780345.814,2385774.171,2867140.083,3010552,2620505.085,2994266.536,2393290.331,4435672.73,2246324.226,3638254.14,2964809.526,13C-Sulfolactic Acid.Norm.Area,13C-Sulfolactic Acid.Norm.Area,13C-Sulfolactic Acid.Norm.Area,3010552,3010552,3010552
84,160802_Smp_Tp_56,13C-Sulfolactic Acid,13.5,,2650926,206002,1.700758273,2310.16899,160802_Smp_Tp_56 13C-Sulfolactic Acid,160802,Smp,Tp,56,2211884.881,2252314.962,2253174.841,3010552,2172219.643,2565001.229,2817951.591,3811744.45,2214815.955,2883281.321,3292750.145,13C-Sulfolactic Acid.Norm.Area,13C-Sulfolactic Acid.Norm.Area,13C-Sulfolactic Acid.Norm.Area,3010552,3010552,3010552
85,160802_Poo_0801PooledDiatoms_1,d3-Cysteic Acid,12.25,,2448059,220031,1.178472692,Inf,160802_Poo_0801PooledDiatoms_1 d3-Cysteic Acid,160802,Poo,0801PooledDiatoms,1,1992442.742,1923216.774,1808995.526,1915224.252,1729312.917,2447906.63,2525055.898,2630798.945,2392087.613,1767384.235,3947245.247,d3-Cysteic Acid.Norm.Area,d3-Cysteic Acid.Norm.Area,d3-Cysteic Acid.Norm.Area,1729312.917,1729312.917,1729312.917
86,160802_Poo_0801PooledDiatoms_2,d3-Cysteic Acid,12.23,,1662773,131532,0.898426162,220.0164647,160802_Poo_0801PooledDiatoms_2 d3-Cysteic Acid,160802,Poo,0801PooledDiatoms,2,1171523.912,1306981.597,1186153.414,1376904.56,1729312.917,1894031.58,1813159.129,1764649.546,1576420.088,1152748.771,2474832.997,d3-Cysteic Acid.Norm.Area,d3-Cysteic Acid.Norm.Area,d3-Cysteic Acid.Norm.Area,1729312.917,1729312.917,1729312.917
87,160802_Poo_0801PooledDiatoms_3,d3-Cysteic Acid,12.23,,2447449,246161,1.352077187,1360.693889,160802_Poo_0801PooledDiatoms_3 d3-Cysteic Acid,160802,Poo,0801PooledDiatoms,3,2020899.755,1809762.185,1466681.336,1946415.773,1729312.917,1896914.725,2553593.321,2683653.803,2123988.803,1521202.348,3616322.7,d3-Cysteic Acid.Norm.Area,d3-Cysteic Acid.Norm.Area,d3-Cysteic Acid.Norm.Area,1729312.917,1729312.917,1729312.917
88,160802_Smp_Np_12,d3-Cysteic Acid,12.39,,1136098,123648,1.215806258,Inf,160802_Smp_Np_12 d3-Cysteic Acid,160802,Smp,Np,12,1368543.587,1417986.475,1985566.396,1549543.99,1729312.917,1139937.302,1241896.814,635464.424,1158147.131,1876541.659,642718.6067,d3-Cysteic Acid.Norm.Area,d3-Cysteic Acid.Norm.Area,d3-Cysteic Acid.Norm.Area,1729312.917,1729312.917,1729312.917
89,160802_Smp_Np_34,d3-Cysteic Acid,12.375,,1124420,102604,1.264143222,Inf,160802_Smp_Np_34 d3-Cysteic Acid,160802,Smp,Np,34,1240641.142,1370395.332,1821050.512,1476418.467,1729312.917,1179825.327,1224508.652,635825.9045,1124705.38,1750850.679,696362.4021,d3-Cysteic Acid.Norm.Area,d3-Cysteic Acid.Norm.Area,d3-Cysteic Acid.Norm.Area,1729312.917,1729312.917,1729312.917
90,160802_Smp_Np_56,d3-Cysteic Acid,12.26,,897033,68013,1.254467039,564.1092279,160802_Smp_Np_56 d3-Cysteic Acid,160802,Smp,Np,56,934707.168,1132008.002,1223915.463,1123049.47,1729312.917,950069.7185,1005019.943,513031.3424,963851.9268,1378623.366,626695.6966,d3-Cysteic Acid.Norm.Area,d3-Cysteic Acid.Norm.Area,d3-Cysteic Acid.Norm.Area,1729312.917,1729312.917,1729312.917
91,160802_Smp_Pt_12,d3-Cysteic Acid,12.34,,1507643,124573,1.16909342,Inf,160802_Smp_Pt_12 d3-Cysteic Acid,160802,Smp,Pt,12,2247377.328,1950674.578,2034603.332,1287207.819,1729312.917,1571859.111,1227030.593,2497447.594,1995734.467,1809431.935,2259401.346,d3-Cysteic Acid.Norm.Area,d3-Cysteic Acid.Norm.Area,d3-Cysteic Acid.Norm.Area,1729312.917,1729312.917,1729312.917
92,160802_Smp_Pt_34,d3-Cysteic Acid,12.32,,1610095,127515,1.045988966,403.8258694,160802_Smp_Pt_34 d3-Cysteic Acid,160802,Smp,Pt,34,1681659.54,2019340.091,1627642.432,1477097.217,1729312.917,1800223.296,1855727.827,2341637.809,2112257.847,1429736.425,1848701.328,d3-Cysteic Acid.Norm.Area,d3-Cysteic Acid.Norm.Area,d3-Cysteic Acid.Norm.Area,1729312.917,1729312.917,1729312.917
93,160802_Smp_Pt_56,d3-Cysteic Acid,12.34,,2320656,197809,1.358685165,66.2126117,160802_Smp_Pt_56 d3-Cysteic Acid,160802,Smp,Pt,56,2422570.839,2483791.285,2604309.545,1996406.806,1729312.917,2095896.333,2246009.217,3541499.921,2565033.873,1670975.802,2986091.55,d3-Cysteic Acid.Norm.Area,d3-Cysteic Acid.Norm.Area,d3-Cysteic Acid.Norm.Area,1729312.917,1729312.917,1729312.917
94,160802_Smp_Tp_12,d3-Cysteic Acid,12.41,,1678408,137396,1.214728953,563.280737,160802_Smp_Tp_12 d3-Cysteic Acid,160802,Smp,Tp,12,2489215.034,1956084.455,1865139.54,2242095.573,1729312.917,1632155.091,1382681.747,2580009.575,1647614.858,2604936.79,1431425.333,d3-Cysteic Acid.Norm.Area,d3-Cysteic Acid.Norm.Area,d3-Cysteic Acid.Norm.Area,1729312.917,1729312.917,1729312.917
95,160802_Smp_Tp_34,d3-Cysteic Acid,12.33,,1808708,158306,1.283857902,1943.758324,160802_Smp_Tp_34 d3-Cysteic Acid,160802,Smp,Tp,34,1834794.352,1574410.259,1892071.269,1986711.07,1729312.917,1975964.033,1579370.292,2927170.869,1482385.026,2400941.679,1956524.884,d3-Cysteic Acid.Norm.Area,d3-Cysteic Acid.Norm.Area,d3-Cysteic Acid.Norm.Area,1729312.917,1729312.917,1729312.917
96,160802_Smp_Tp_56,d3-Cysteic Acid,12.31,,2110413,195665,1.566975075,322.073026,160802_Smp_Tp_56 d3-Cysteic Acid,160802,Smp,Tp,56,1760890.575,1793077.127,1793761.68,2396712.725,1729312.917,2042007.94,2243382.754,3034545.303,1763224.015,2295392.019,2621371.819,d3-Cysteic Acid.Norm.Area,d3-Cysteic Acid.Norm.Area,d3-Cysteic Acid.Norm.Area,1729312.917,1729312.917,1729312.917
97,160802_Poo_0801PooledDiatoms_1,d4 Succinic Acid,12.33,,3064700,327343,14.63933087,4.435346393,160802_Poo_0801PooledDiatoms_1 d4 Succinic Acid,160802,Poo,0801PooledDiatoms,1,2494318.671,2407655.391,2264662.979,2397649.634,2164909.136,3064509.25,3161091.629,3293470.266,2994629.994,2212570.23,4941515.915,d4 Succinic Acid.Norm.Area,d4 Succinic Acid.Norm.Area,d4 Succinic Acid.Norm.Area,3064509.25,3064509.25,3064509.25
98,160802_Poo_0801PooledDiatoms_2,d4 Succinic Acid,12.33,,2690337,247377,12.5594609,4.02199829,160802_Poo_0801PooledDiatoms_2 d4 Succinic Acid,160802,Poo,0801PooledDiatoms,2,1895504.755,2114672.868,1919175.027,2227806.973,2797997.396,3064509.25,2933659.069,2855171.432,2550619.532,1865126.912,4004235.563,d4 Succinic Acid.Norm.Area,d4 Succinic Acid.Norm.Area,d4 Succinic Acid.Norm.Area,3064509.25,3064509.25,3064509.25
99,160802_Poo_0801PooledDiatoms_3,d4 Succinic Acid,12.32,,3953910,374452,14.3521251,28.08973937,160802_Poo_0801PooledDiatoms_3 d4 Succinic Acid,160802,Poo,0801PooledDiatoms,3,3264809.91,2923712.323,2369457.341,3144479.33,2793744.685,3064509.25,4125388.586,4335504.277,3431352.632,2457537.287,5842252.275,d4 Succinic Acid.Norm.Area,d4 Succinic Acid.Norm.Area,d4 Succinic Acid.Norm.Area,3064509.25,3064509.25,3064509.25
100,160802_Smp_Np_12,d4 Succinic Acid,12.465,,3054188,249608,15.66852892,57.20101575,160802_Smp_Np_12 d4 Succinic Acid,160802,Smp,Np,12,3679074.693,3811992.694,5337825.663,4165660.584,4648935.883,3064509.25,3338608.417,1708327.819,3113462.985,5044732.952,1727829.339,d4 Succinic Acid.Norm.Area,d4 Succinic Acid.Norm.Area,d4 Succinic Acid.Norm.Area,3064509.25,3064509.25,3064509.25
101,160802_Smp_Np_34,d4 Succinic Acid,12.44,,2920598,246982,12.84355183,11.97989812,160802_Smp_Np_34 d4 Succinic Acid,160802,Smp,Np,34,3222473.841,3559500.779,4730044.363,3834888.052,4491762.727,3064509.25,3180570.89,1651510.881,2921339.253,4547705.475,1808749.968,d4 Succinic Acid.Norm.Area,d4 Succinic Acid.Norm.Area,d4 Succinic Acid.Norm.Area,3064509.25,3064509.25,3064509.25
102,160802_Smp_Np_56,d4 Succinic Acid,12.38,,2893436,252991,10.01067691,24.00266323,160802_Smp_Np_56 d4 Succinic Acid,160802,Smp,Np,56,3014956.383,3651362.553,3947815.812,3622466.249,5578006.883,3064509.25,3241754.634,1654814.656,3108964.624,4446835.821,2021446.134,d4 Succinic Acid.Norm.Area,d4 Succinic Acid.Norm.Area,d4 Succinic Acid.Norm.Area,3064509.25,3064509.25,3064509.25
103,160802_Smp_Pt_12,d4 Succinic Acid,12.46,,2939313,261948,14.67777744,14.49187544,160802_Smp_Pt_12 d4 Succinic Acid,160802,Smp,Pt,12,4381505.035,3803050.951,3966679.129,2509550.786,3371482.464,3064509.25,2392228.779,4869044.051,3890900.076,3527683.152,4404947.157,d4 Succinic Acid.Norm.Area,d4 Succinic Acid.Norm.Area,d4 Succinic Acid.Norm.Area,3064509.25,3064509.25,3064509.25
104,160802_Smp_Pt_34,d4 Succinic Acid,12.39,,2740855,248774,14.72177014,8.040922227,160802_Smp_Pt_34 d4 Succinic Acid,160802,Smp,Pt,34,2862678.885,3437510.448,2770725.888,2514453.676,2943798.94,3064509.25,3158994.278,3986155.909,3595683.783,2433831.687,3147033.113,d4 Succinic Acid.Norm.Area,d4 Succinic Acid.Norm.Area,d4 Succinic Acid.Norm.Area,3064509.25,3064509.25,3064509.25
105,160802_Smp_Pt_56,d4 Succinic Acid,12.41,,3393141,338361,11.01944642,6.389899243,160802_Smp_Pt_56 d4 Succinic Acid,160802,Smp,Pt,56,3542155.511,3631668.824,3807884.276,2919040.902,2528510.283,3064509.25,3283996.404,5178194.693,3750457.457,2443212.826,4366105.82,d4 Succinic Acid.Norm.Area,d4 Succinic Acid.Norm.Area,d4 Succinic Acid.Norm.Area,3064509.25,3064509.25,3064509.25
106,160802_Smp_Tp_12,d4 Succinic Acid,12.45,,3151353,247038,22.56300969,19.79396347,160802_Smp_Tp_12 d4 Succinic Acid,160802,Smp,Tp,12,4673711.794,3672714.033,3501957.263,4209724.101,3246931.287,3064509.25,2596101.944,4844186.226,3093536.272,4890989.181,2687622.15,d4 Succinic Acid.Norm.Area,d4 Succinic Acid.Norm.Area,d4 Succinic Acid.Norm.Area,3064509.25,3064509.25,3064509.25
107,160802_Smp_Tp_34,d4 Succinic Acid,12.42,,2805113,269496,30.2291395,7.717578512,160802_Smp_Tp_34 d4 Succinic Acid,160802,Smp,Tp,34,2845570.146,2441742.219,2934400.529,3081176.756,2681979.702,3064509.25,2449434.701,4539729.496,2299020.907,3723604.206,3034361.206,d4 Succinic Acid.Norm.Area,d4 Succinic Acid.Norm.Area,d4 Succinic Acid.Norm.Area,3064509.25,3064509.25,3064509.25
108,160802_Smp_Tp_56,d4 Succinic Acid,12.35,,3167167,271783,18.11600611,10.43788962,160802_Smp_Tp_56 d4 Succinic Acid,160802,Smp,Tp,56,2642627.068,2690930.497,2691957.83,3596826.523,2595237.426,3064509.25,3366719.133,4554043.091,2646128.939,3444771.168,3933979.899,d4 Succinic Acid.Norm.Area,d4 Succinic Acid.Norm.Area,d4 Succinic Acid.Norm.Area,3064509.25,3064509.25,3064509.25
109,160802_Poo_0801PooledDiatoms_1,d4 Taurine,10.48,,6842272,478733,62.59454218,1205.201338,160802_Poo_0801PooledDiatoms_1 d4 Taurine,160802,Poo,0801PooledDiatoms,1,5568834.406,5375349.322,5056103.401,5353010.395,4833392.23,6841846.13,7057476.667,7353026.197,6685833.183,4939800.742,11032465.16,d4 Taurine.Norm.Area,d4 Taurine.Norm.Area,d4 Taurine.Norm.Area,7057476.667,7057476.667,7057476.667
110,160802_Poo_0801PooledDiatoms_2,d4 Taurine,10.455,,6472119,445482,73.04874718,1418.76977,160802_Poo_0801PooledDiatoms_2 d4 Taurine,160802,Poo,0801PooledDiatoms,2,4559998.371,5087249.087,4616941.727,5359414.764,6731116.626,7372261.744,7057476.667,6868659.677,6136001.971,4486918.674,9632952.701,d4 Taurine.Norm.Area,d4 Taurine.Norm.Area,d4 Taurine.Norm.Area,7057476.667,7057476.667,7057476.667
111,160802_Poo_0801PooledDiatoms_3,d4 Taurine,10.43,,6764121,444368,40.3058098,317.2429754,160802_Poo_0801PooledDiatoms_3 d4 Taurine,160802,Poo,0801PooledDiatoms,3,5585248.343,5001718.279,4053530.849,5379393.731,4779377.145,5242585.535,7057476.667,7416930.463,5870160.017,4204212.937,9994587.965,d4 Taurine.Norm.Area,d4 Taurine.Norm.Area,d4 Taurine.Norm.Area,7057476.667,7057476.667,7057476.667
112,160802_Smp_Np_12,d4 Taurine,10.735,,6456241,380052,52.9443105,2955.801373,160802_Smp_Np_12 d4 Taurine,160802,Smp,Np,12,7777187.545,8058162.602,11283617.41,8805780.344,9827374.887,6478059.067,7057476.667,3611230.253,6581542.255,10664049.4,3652454.471,d4 Taurine.Norm.Area,d4 Taurine.Norm.Area,d4 Taurine.Norm.Area,7057476.667,7057476.667,7057476.667
113,160802_Smp_Np_34,d4 Taurine,10.685,,6480614,419471,374.1046008,1196.023788,160802_Smp_Np_34 d4 Taurine,160802,Smp,Np,34,7150456.548,7898297.054,10495655.93,8509363.218,9966924.724,6799943.556,7057476.667,3664593.531,6482258.792,10091057.99,4013496.676,d4 Taurine.Norm.Area,d4 Taurine.Norm.Area,d4 Taurine.Norm.Area,7057476.667,7057476.667,7057476.667
114,160802_Smp_Np_56,d4 Taurine,10.555,,6299168,404011,66.76100642,782.3406103,160802_Smp_Np_56 d4 Taurine,160802,Smp,Np,56,6563724.503,7949215.449,8594610.363,7886306.618,12143625.25,6671603.797,7057476.667,3602621.771,6768385.571,9681004.143,4400798.497,d4 Taurine.Norm.Area,d4 Taurine.Norm.Area,d4 Taurine.Norm.Area,7057476.667,7057476.667,7057476.667
115,160802_Smp_Pt_12,d4 Taurine,10.585,,8671467,690008,54.80292612,609.3105577,160802_Smp_Pt_12 d4 Taurine,160802,Smp,Pt,12,12926175.72,11219639.02,11702369.63,7403596.291,9946439.502,9040816.964,7057476.667,14364497.69,11478808.69,10407257.76,12995333.91,d4 Taurine.Norm.Area,d4 Taurine.Norm.Area,d4 Taurine.Norm.Area,7057476.667,7057476.667,7057476.667
116,160802_Smp_Pt_34,d4 Taurine,10.58,,6123316,470034,64.88075611,177.7956114,160802_Smp_Pt_34 d4 Taurine,160802,Smp,Pt,34,6395481.489,7679706.781,6190050.243,5617515.128,6576710.971,6846388.635,7057476.667,8905429.968,8033080.203,5437398.369,7030754.349,d4 Taurine.Norm.Area,d4 Taurine.Norm.Area,d4 Taurine.Norm.Area,7057476.667,7057476.667,7057476.667
117,160802_Smp_Pt_56,d4 Taurine,10.62,,7292034,469795,50.86590215,88.33811623,160802_Smp_Pt_56 d4 Taurine,160802,Smp,Pt,56,7612273.825,7804642.524,8183338.567,6273168.58,5433898.253,6585787.518,7057476.667,11128205.92,8059925.388,5250589.644,9382985.289,d4 Taurine.Norm.Area,d4 Taurine.Norm.Area,d4 Taurine.Norm.Area,7057476.667,7057476.667,7057476.667
118,160802_Smp_Tp_12,d4 Taurine,10.71,,8566921,589235,61.13683302,Inf,160802_Smp_Tp_12 d4 Taurine,160802,Smp,Tp,12,12705437.86,9984235.653,9520035.114,11444092.05,8826749.599,8330837.151,7057476.667,13168870.87,8409746.814,13296104.22,7306273.412,d4 Taurine.Norm.Area,d4 Taurine.Norm.Area,d4 Taurine.Norm.Area,7057476.667,7057476.667,7057476.667
119,160802_Smp_Tp_34,d4 Taurine,10.635,,8082281,528176,32.75016006,102.6524041,160802_Smp_Tp_34 d4 Taurine,160802,Smp,Tp,34,8198848.862,7035312.567,8454792.959,8877694.537,7727501.028,8829670.992,7057476.667,13080175.18,6624094.287,10728699.89,8742806.411,d4 Taurine.Norm.Area,d4 Taurine.Norm.Area,d4 Taurine.Norm.Area,7057476.667,7057476.667,7057476.667
120,160802_Smp_Tp_56,d4 Taurine,10.555,,6639166,421175,55.62303954,259.1123552,160802_Smp_Tp_56 d4 Taurine,160802,Smp,Tp,56,5539600.464,5640856.408,5643009.951,7539838.713,5440260.044,6423969.945,7057476.667,9546401.58,5546941.252,7221093.051,8246595.646,d4 Taurine.Norm.Area,d4 Taurine.Norm.Area,d4 Taurine.Norm.Area,7057476.667,7057476.667,7057476.667
121,160802_Poo_0801PooledDiatoms_1,D-Methionine,7.63,,16016446,420768,1.139380904,769.6910156,160802_Poo_0801PooledDiatoms_1 D-Methionine,160802,Poo,0801PooledDiatoms,1,13035572.91,12582661.45,11835368,12530370.31,11314043.88,16015449.12,16520198.84,17212023.58,15650252.74,11563125.79,25824884.27,D-Methionine.Norm.Area,D-Methionine.Norm.Area,D-Methionine.Norm.Area,17212023.58,17212023.58,17212023.58
122,160802_Poo_0801PooledDiatoms_2,D-Methionine,7.615,,16218341,442544,1.053516034,13792.10629,160802_Poo_0801PooledDiatoms_2 D-Methionine,160802,Poo,0801PooledDiatoms,2,11426799.87,12748025.87,11569492.98,13430039.87,16867357.47,18473988.95,17685175.93,17212023.58,15376072.71,11243671.06,24139004.82,D-Methionine.Norm.Area,D-Methionine.Norm.Area,D-Methionine.Norm.Area,17212023.58,17212023.58,17212023.58
123,160802_Poo_0801PooledDiatoms_3,D-Methionine,7.64,,15697088,492120,0.958844501,14.76360438,160802_Poo_0801PooledDiatoms_3 D-Methionine,160802,Poo,0801PooledDiatoms,3,12961349.26,11607186.21,9406784.776,12483634.87,11091212.54,12166152.33,16377860.82,17212023.58,13622526.62,9756463.618,23193838.02,D-Methionine.Norm.Area,D-Methionine.Norm.Area,D-Methionine.Norm.Area,17212023.58,17212023.58,17212023.58
124,160802_Smp_Np_12,D-Methionine,8.035,,30772054,953468,0.991684202,136.5889774,160802_Smp_Np_12 D-Methionine,160802,Smp,Np,12,37068014.52,38407211.68,53780533.34,41970544.2,46839718.45,30876044.34,33637693.06,17212023.58,31369271.02,50827517.76,17408508.48,D-Methionine.Norm.Area,D-Methionine.Norm.Area,D-Methionine.Norm.Area,17212023.58,17212023.58,17212023.58
125,160802_Smp_Np_34,D-Methionine,8,,30438432,899137,1.011344386,119.0534603,160802_Smp_Np_34 D-Methionine,160802,Smp,Np,34,33584577.85,37097067.93,49296457,39967150.28,46813089.08,31938273.06,33147865.87,17212023.58,30446157.33,47396123.63,18850767.17,D-Methionine.Norm.Area,D-Methionine.Norm.Area,D-Methionine.Norm.Area,17212023.58,17212023.58,17212023.58
126,160802_Smp_Np_56,D-Methionine,7.995,,30095146,838242,0.980589281,Inf,160802_Smp_Np_56 D-Methionine,160802,Smp,Np,56,31359101.27,37978475.81,41061939.24,37677920.17,58017848.51,31874509.51,33718070.49,17212023.58,32336897.82,46252335.72,21025423.24,D-Methionine.Norm.Area,D-Methionine.Norm.Area,D-Methionine.Norm.Area,17212023.58,17212023.58,17212023.58
127,160802_Smp_Pt_12,D-Methionine,8.185,,10390443,302768,1.005142259,Inf,160802_Smp_Pt_12 D-Methionine,160802,Smp,Pt,12,15488577.88,13443748.3,14022172.32,8871237.733,11918157.87,10833010.53,8456505.575,17212023.58,13754294.1,12470325.79,15571445.56,D-Methionine.Norm.Area,D-Methionine.Norm.Area,D-Methionine.Norm.Area,17212023.58,17212023.58,17212023.58
128,160802_Smp_Pt_34,D-Methionine,8.28,,11834876,339746,0.994490707,Inf,160802_Smp_Pt_34 D-Methionine,160802,Smp,Pt,34,12360905.49,14842999.69,11963857.01,10857286.31,12711177.87,13232399,13640380.67,17212023.58,15525984.3,10509164.55,13588732.95,D-Methionine.Norm.Area,D-Methionine.Norm.Area,D-Methionine.Norm.Area,17212023.58,17212023.58,17212023.58
129,160802_Smp_Pt_56,D-Methionine,7.955,,11278607,276647,1.000842036,88.21741316,160802_Smp_Pt_56 D-Methionine,160802,Smp,Pt,56,11773922.73,12071459.87,12657189.98,9702725.338,8404623.851,10186253.82,10915816.59,17212023.58,12466306.51,8121099.973,14512686.52,D-Methionine.Norm.Area,D-Methionine.Norm.Area,D-Methionine.Norm.Area,17212023.58,17212023.58,17212023.58
130,160802_Smp_Tp_12,D-Methionine,8.38,,11197167,411773,1.057187246,147.091291,160802_Smp_Tp_12 D-Methionine,160802,Smp,Tp,12,16606305.76,13049630.55,12442909.54,14957697.15,11536769.08,10888599.86,9224287.797,17212023.58,10991736.65,17378320.57,9549470.987,D-Methionine.Norm.Area,D-Methionine.Norm.Area,D-Methionine.Norm.Area,17212023.58,17212023.58,17212023.58
131,160802_Smp_Tp_34,D-Methionine,8.3,,10635363,301902,0.959475779,880.3189748,160802_Smp_Tp_34 D-Methionine,160802,Smp,Tp,34,10788753.06,9257671.562,11125546.39,11682036.79,10168512.89,11618843.27,9286836.997,17212023.58,8716555.053,14117749.41,11504539.35,D-Methionine.Norm.Area,D-Methionine.Norm.Area,D-Methionine.Norm.Area,17212023.58,17212023.58,17212023.58
132,160802_Smp_Tp_56,D-Methionine,7.605,,11970320,313502,1.033384149,Inf,160802_Smp_Tp_56 D-Methionine,160802,Smp,Tp,56,9987819.288,10170382.29,10174265.09,13594219.84,9808709.95,11582324.63,12724528.06,17212023.58,10001054.62,13019526.03,14868492.34,D-Methionine.Norm.Area,D-Methionine.Norm.Area,D-Methionine.Norm.Area,17212023.58,17212023.58,17212023.58
133,160802_Poo_0801PooledDiatoms_1,Heavy Alanine,11.11,,7086165,614719,NA,Inf,160802_Poo_0801PooledDiatoms_1 Heavy Alanine,160802,Poo,0801PooledDiatoms,1,5767335.683,5566953.817,5236328.365,5543818.618,5005678.648,7085723.95,7309040.644,7615125.047,6924149.917,5115880.095,11425717.73,Heavy Alanine.Norm.Area,Heavy Alanine.Norm.Area,Heavy Alanine.Norm.Area,6924149.917,6924149.917,6924149.917
134,160802_Poo_0801PooledDiatoms_2,Heavy Alanine,11.14,,7303440,627161,NA,Inf,160802_Poo_0801PooledDiatoms_2 Heavy Alanine,160802,Poo,0801PooledDiatoms,2,5145714.178,5740688.401,5209971.709,6047812.805,7595704.963,8319202.924,7963984.807,7750914.938,6924149.917,5063247.651,10870271.71,Heavy Alanine.Norm.Area,Heavy Alanine.Norm.Area,Heavy Alanine.Norm.Area,6924149.917,6924149.917,6924149.917
135,160802_Poo_0801PooledDiatoms_3,Heavy Alanine,11.12,,7978622,712867,NA,23060.60116,160802_Poo_0801PooledDiatoms_3 Heavy Alanine,160802,Poo,0801PooledDiatoms,3,6588082.222,5899779.069,4781344.155,6345266.321,5637516.484,6183894.151,8324649.81,8748643.699,6924149.917,4959081.281,11789120.78,Heavy Alanine.Norm.Area,Heavy Alanine.Norm.Area,Heavy Alanine.Norm.Area,6924149.917,6924149.917,6924149.917
136,160802_Smp_Np_12,Heavy Alanine,11.2,,6792326,534058,NA,Inf,160802_Smp_Np_12 Heavy Alanine,160802,Smp,Np,12,8182035.517,8477636.964,11870995.51,9264172.571,10338947.07,6815279.824,7424859.49,3799215.85,6924149.917,11219175.37,3842586.029,Heavy Alanine.Norm.Area,Heavy Alanine.Norm.Area,Heavy Alanine.Norm.Area,6924149.917,6924149.917,6924149.917
137,160802_Smp_Np_34,Heavy Alanine,11.14,,6922393,469758,NA,Inf,160802_Smp_Np_34 Heavy Alanine,160802,Smp,Np,34,7637898.253,8436718.533,11211137.58,9089440.657,10646363.13,7263491.032,7538579.998,3914406.352,6924149.917,10778958.47,4287093.984,Heavy Alanine.Norm.Area,Heavy Alanine.Norm.Area,Heavy Alanine.Norm.Area,6924149.917,6924149.917,6924149.917
138,160802_Smp_Np_56,Heavy Alanine,11.17,,6444134,532727,NA,257.4727374,160802_Smp_Np_56 Heavy Alanine,160802,Smp,Np,56,6714778.878,8132154.841,8792402.561,8067798.257,12423092.75,6825140.854,7219894.015,3685530.762,6924149.917,9903798.081,4502076.341,Heavy Alanine.Norm.Area,Heavy Alanine.Norm.Area,Heavy Alanine.Norm.Area,6924149.917,6924149.917,6924149.917
139,160802_Smp_Pt_12,Heavy Alanine,11.19,,5230729,380219,NA,1745.157719,160802_Smp_Pt_12 Heavy Alanine,160802,Smp,Pt,12,7797218.415,6767815.779,7059004.453,4465934.751,5999807.132,5453525.162,4257151.399,8664830.836,6924149.917,6277778.026,7838935.438,Heavy Alanine.Norm.Area,Heavy Alanine.Norm.Area,Heavy Alanine.Norm.Area,6924149.917,6924149.917,6924149.917
140,160802_Smp_Pt_34,Heavy Alanine,11.18,,5278020,459162,NA,Inf,160802_Smp_Pt_34 Heavy Alanine,160802,Smp,Pt,34,5512614.278,6619558.093,5335541.884,4842042.644,5668825.852,5901275.738,6083224.024,7676075.754,6924149.917,4686790.187,6060190.601,Heavy Alanine.Norm.Area,Heavy Alanine.Norm.Area,Heavy Alanine.Norm.Area,6924149.917,6924149.917,6924149.917
141,160802_Smp_Pt_56,Heavy Alanine,11.22,,6264467,469414,NA,Inf,160802_Smp_Pt_56 Heavy Alanine,160802,Smp,Pt,56,6539579.789,6704840.589,7030172.158,5389176.402,4668173.008,5657742.212,6062962.636,9560059.477,6924149.917,4510695.583,8060769.012,Heavy Alanine.Norm.Area,Heavy Alanine.Norm.Area,Heavy Alanine.Norm.Area,6924149.917,6924149.917,6924149.917
142,160802_Smp_Tp_12,Heavy Alanine,11.15,,7053559,468010,NA,9558.668022,160802_Smp_Tp_12 Heavy Alanine,160802,Smp,Tp,12,10460999.41,8220502.471,7838303.792,9422472.609,7267488.41,6859179.788,5810760.722,10842566.15,6924149.917,10947323.5,6015607.075,Heavy Alanine.Norm.Area,Heavy Alanine.Norm.Area,Heavy Alanine.Norm.Area,6924149.917,6924149.917,6924149.917
143,160802_Smp_Tp_34,Heavy Alanine,11.18,,8448389,692604,NA,16534.05088,160802_Smp_Tp_34 Heavy Alanine,160802,Smp,Tp,34,8570237.108,7353995.401,8837774.86,9279832.868,8077538.344,9229633.971,7377163.481,13672675.84,6924149.917,11214684.33,9138834.633,Heavy Alanine.Norm.Area,Heavy Alanine.Norm.Area,Heavy Alanine.Norm.Area,6924149.917,6924149.917,6924149.917
144,160802_Smp_Tp_56,Heavy Alanine,11.14,,8287555,737071,NA,93.66360678,160802_Smp_Tp_56 Heavy Alanine,160802,Smp,Tp,56,6914986.54,7041382.567,7044070.797,9411849.022,6790981.627,8018929.522,8809724.902,11916606.42,6924149.917,9013964.378,10294081.36,Heavy Alanine.Norm.Area,Heavy Alanine.Norm.Area,Heavy Alanine.Norm.Area,6924149.917,6924149.917,6924149.917
145,160802_Poo_0801PooledDiatoms_1,Heavy Histidine,11.01,,112482368,6823054,6.955877488,33.9298385,160802_Poo_0801PooledDiatoms_1 Heavy Histidine,160802,Poo,0801PooledDiatoms,1,91547907.04,88367141.87,83118952.79,87999904.87,79457730.34,112475367,116020188.6,120878824.8,109910618.7,81207015,181366336.5,Heavy Histidine.Norm.Area,Heavy Histidine.Norm.Area,Heavy Histidine.Norm.Area,81207015,81207015,81207015
146,160802_Poo_0801PooledDiatoms_2,Heavy Histidine,11.03,,117136392,6756934,6.86101007,32.13791726,160802_Poo_0801PooledDiatoms_2 Heavy Histidine,160802,Poo,0801PooledDiatoms,2,82529656.31,92072164.2,83560252.21,96997986.08,121823890.4,133427729.2,127730555.2,124313229.2,111053139.2,81207015,174343105.2,Heavy Histidine.Norm.Area,Heavy Histidine.Norm.Area,Heavy Histidine.Norm.Area,81207015,81207015,81207015
147,160802_Poo_0801PooledDiatoms_3,Heavy Histidine,10.98,,130653248,7703853,6.355179398,31.11363564,160802_Poo_0801PooledDiatoms_3 Heavy Histidine,160802,Poo,0801PooledDiatoms,3,107882581.8,96611331.86,78296495.78,103906370.6,92316673.14,101263834.3,136319597.1,143262673,113385829.8,81207015,193051747.6,Heavy Histidine.Norm.Area,Heavy Histidine.Norm.Area,Heavy Histidine.Norm.Area,81207015,81207015,81207015
148,160802_Smp_Np_12,Heavy Histidine,11.13,,49164444,2929806,6.089409621,17.04544406,160802_Smp_Np_12 Heavy Histidine,160802,Smp,Np,12,59223486.47,61363118.88,85925041.58,67056247.53,74835716.68,49330589.15,53742869.32,27499612.78,50118616.34,81207015,27813536.29,Heavy Histidine.Norm.Area,Heavy Histidine.Norm.Area,Heavy Histidine.Norm.Area,81207015,81207015,81207015
149,160802_Smp_Np_34,Heavy Histidine,11.12,,52152244,2898918,6.680831042,28.32128978,160802_Smp_Np_34 Heavy Histidine,160802,Smp,Np,34,57542750.51,63560939.62,84462985.93,68478447.69,80208062.1,54722024.1,56794502.06,29490535.31,52165480.34,81207015,32298306.6,Heavy Histidine.Norm.Area,Heavy Histidine.Norm.Area,Heavy Histidine.Norm.Area,81207015,81207015,81207015
150,160802_Smp_Np_56,Heavy Histidine,11.04,,52839212,3049608,6.39968442,23.09459001,160802_Smp_Np_56 Heavy Histidine,160802,Smp,Np,56,55058387.16,66680279.1,72094035.12,66152581.94,101864180.9,55963309.34,59200120.68,30219815.62,56775142.38,81207015,36915148.91,Heavy Histidine.Norm.Area,Heavy Histidine.Norm.Area,Heavy Histidine.Norm.Area,81207015,81207015,81207015
151,160802_Smp_Pt_12,Heavy Histidine,11.08,,67662776,4133547,6.725784343,16.62891105,160802_Smp_Pt_12 Heavy Histidine,160802,Smp,Pt,12,100861934,87545962.15,91312671.16,57769680.42,77611286.3,70544784.76,55068936.18,112085047.4,89568242.74,81207015,101401570,Heavy Histidine.Norm.Area,Heavy Histidine.Norm.Area,Heavy Histidine.Norm.Area,81207015,81207015,81207015
152,160802_Smp_Pt_34,Heavy Histidine,11.06,,91451128,5532018,6.485593862,26.29997264,160802_Smp_Pt_34 Heavy Histidine,160802,Smp,Pt,34,95515893.07,114695672.7,92447797.43,83897041.25,98222537.73,102250147.4,105402726.6,133001729.1,119973270.3,81207015,105003631.4,Heavy Histidine.Norm.Area,Heavy Histidine.Norm.Area,Heavy Histidine.Norm.Area,81207015,81207015,81207015
153,160802_Smp_Pt_56,Heavy Histidine,11.045,,112780536,6542918,6.274669661,33.02500426,160802_Smp_Pt_56 Heavy Histidine,160802,Smp,Pt,56,117733450.2,120708675.7,126565689.3,97022492.61,84042114.67,101857540.2,109152809.9,172111790.5,124656948.3,81207015,145119744.4,Heavy Histidine.Norm.Area,Heavy Histidine.Norm.Area,Heavy Histidine.Norm.Area,81207015,81207015,81207015
154,160802_Smp_Tp_12,Heavy Histidine,11.13,,52323152,3242237,6.286591719,35.61329449,160802_Smp_Tp_12 Heavy Histidine,160802,Smp,Tp,12,77599473.17,60979514.07,58144372.33,69895703.22,53910075.85,50881251.1,43104100.57,80429927.16,51363198.15,81207015,44623646.5,Heavy Histidine.Norm.Area,Heavy Histidine.Norm.Area,Heavy Histidine.Norm.Area,81207015,81207015,81207015
155,160802_Smp_Tp_34,Heavy Histidine,11.07,,61175904,3643422,6.419852462,19.83774132,160802_Smp_Tp_34 Heavy Histidine,160802,Smp,Tp,34,62058222.29,53251254.96,63995498.6,67196499.2,58490525.27,66833002.34,53419018.1,99005657.11,50138686.86,81207015,66175512.3,Heavy Histidine.Norm.Area,Heavy Histidine.Norm.Area,Heavy Histidine.Norm.Area,81207015,81207015,81207015
156,160802_Smp_Tp_56,Heavy Histidine,11.02,,74662776,4405431,6.825193957,22.23709168,160802_Smp_Tp_56 Heavy Histidine,160802,Smp,Tp,56,62297274.78,63435979.53,63460197.85,84791567.03,61180111.63,72242722.81,79367016.8,107356984.7,62379827.85,81207015,92739618.72,Heavy Histidine.Norm.Area,Heavy Histidine.Norm.Area,Heavy Histidine.Norm.Area,81207015,81207015,81207015
157,160802_Poo_0801PooledDiatoms_1,Heavy Isoleucine,8.17,,16678967,688443,NA,77.03398492,160802_Poo_0801PooledDiatoms_1 Heavy Isoleucine,160802,Poo,0801PooledDiatoms,1,13574789.97,13103143.8,12324938.52,13048689.63,11782049.81,16677928.88,17203557.59,17923999.7,16297626.14,12041435,26893131.75,Heavy Isoleucine.Norm.Area,Heavy Isoleucine.Norm.Area,Heavy Isoleucine.Norm.Area,26893131.75,26893131.75,26893131.75
158,160802_Poo_0801PooledDiatoms_2,Heavy Isoleucine,8.26,,18068764,751085,NA,134.7802655,160802_Poo_0801PooledDiatoms_2 Heavy Isoleucine,160802,Poo,0801PooledDiatoms,2,12730534.53,14202505.11,12889508.13,14962333.13,18791829.66,20581768.91,19702956.69,19175820.27,17130397.56,12526511.74,26893131.75,Heavy Isoleucine.Norm.Area,Heavy Isoleucine.Norm.Area,Heavy Isoleucine.Norm.Area,26893131.75,26893131.75,26893131.75
159,160802_Poo_0801PooledDiatoms_3,Heavy Isoleucine,8.225,,18200690,811933,34.46030021,152.3482791,160802_Poo_0801PooledDiatoms_3 Heavy Isoleucine,160802,Poo,0801PooledDiatoms,3,15028615.49,13458470.64,10907116.89,14474708.2,12860201.91,14106588.89,18990042.46,19957249.75,15795247.12,11312567.64,26893131.75,Heavy Isoleucine.Norm.Area,Heavy Isoleucine.Norm.Area,Heavy Isoleucine.Norm.Area,26893131.75,26893131.75,26893131.75
160,160802_Smp_Np_12,Heavy Isoleucine,8.045,,47537496,1624126,20.24929844,472.5927859,160802_Smp_Np_12 Heavy Isoleucine,160802,Smp,Np,12,57263665,59332492.77,83081613.22,64837224.61,72359255.86,47698143.08,51964412.23,26589596.59,48460092.9,78519715.4,26893131.75,Heavy Isoleucine.Norm.Area,Heavy Isoleucine.Norm.Area,Heavy Isoleucine.Norm.Area,26893131.75,26893131.75,26893131.75
161,160802_Smp_Np_34,Heavy Isoleucine,8.04,,43424480,1525619,14.49081487,1571.448808,160802_Smp_Np_34 Heavy Isoleucine,160802,Smp,Np,34,47912876.36,52923911.6,70327966.01,57018466.59,66785110.69,45564203.17,47289848.52,24555245.61,43435501.22,67616887.18,26893131.75,Heavy Isoleucine.Norm.Area,Heavy Isoleucine.Norm.Area,Heavy Isoleucine.Norm.Area,26893131.75,26893131.75,26893131.75
162,160802_Smp_Np_56,Heavy Isoleucine,7.925,,38494004,1163953,18.16384643,190.8519615,160802_Smp_Np_56 Heavy Isoleucine,160802,Smp,Np,56,40110699.9,48577388.52,52521375.16,48192954.77,74209285.87,40769946.64,43128002.78,22015500.59,41361376.81,59160291.04,26893131.75,Heavy Isoleucine.Norm.Area,Heavy Isoleucine.Norm.Area,Heavy Isoleucine.Norm.Area,26893131.75,26893131.75,26893131.75
163,160802_Smp_Pt_12,Heavy Isoleucine,8.235,,17945126,764857,23.87987092,64.90532321,160802_Smp_Pt_12 Heavy Isoleucine,160802,Smp,Pt,12,26750012.65,23218428.42,24217412.97,15321337.01,20583611.76,18709475.52,14605061.41,29726541.2,23754765.86,21537249.91,26893131.75,Heavy Isoleucine.Norm.Area,Heavy Isoleucine.Norm.Area,Heavy Isoleucine.Norm.Area,26893131.75,26893131.75,26893131.75
164,160802_Smp_Pt_34,Heavy Isoleucine,8.23,,23422116,987602,53.15645468,1064.819594,160802_Smp_Pt_34 Heavy Isoleucine,160802,Smp,Pt,34,24463168.21,29375420.62,23677379.19,21487391.96,25156383.78,26187919.88,26995346.5,34063898.34,30727098.9,20798432.64,26893131.75,Heavy Isoleucine.Norm.Area,Heavy Isoleucine.Norm.Area,Heavy Isoleucine.Norm.Area,26893131.75,26893131.75,26893131.75
165,160802_Smp_Pt_56,Heavy Isoleucine,8.18,,20900132,971376,44.93782279,126.3997888,160802_Smp_Pt_56 Heavy Isoleucine,160802,Smp,Pt,56,21817990.39,22369349.75,23454752.99,17979901.27,15574418.71,18875916.99,20227853.29,31895212.31,23101031.14,15049027.01,26893131.75,Heavy Isoleucine.Norm.Area,Heavy Isoleucine.Norm.Area,Heavy Isoleucine.Norm.Area,26893131.75,26893131.75,26893131.75
166,160802_Smp_Tp_12,Heavy Isoleucine,8.36,,31533358,1361736,64.95749888,49.72093433,160802_Smp_Tp_12 Heavy Isoleucine,160802,Smp,Tp,12,46766524.47,36750248.69,35041606.6,42123728.18,32489742.24,30664374.09,25977353.86,48472341.4,30954826.94,48940665.43,26893131.75,Heavy Isoleucine.Norm.Area,Heavy Isoleucine.Norm.Area,Heavy Isoleucine.Norm.Area,26893131.75,26893131.75,26893131.75
167,160802_Smp_Tp_34,Heavy Isoleucine,8.28,,24861336,1146105,NA,158.47182,160802_Smp_Tp_34 Heavy Isoleucine,160802,Smp,Tp,34,25219902.2,21640830.06,26007193.83,27308051.62,23770022.29,27160329.78,21709007.48,40235006.7,20375910.44,33001798.97,26893131.75,Heavy Isoleucine.Norm.Area,Heavy Isoleucine.Norm.Area,Heavy Isoleucine.Norm.Area,26893131.75,26893131.75,26893131.75
168,160802_Smp_Tp_56,Heavy Isoleucine,8.28,,21651112,1066708,52.70462341,98.13287454,160802_Smp_Tp_56 Heavy Isoleucine,160802,Smp,Tp,56,18065297.67,18395505.38,18402528.34,24588313.12,17741336.72,20949332,23015272.96,31131953.9,18089236.86,23548845.5,26893131.75,Heavy Isoleucine.Norm.Area,Heavy Isoleucine.Norm.Area,Heavy Isoleucine.Norm.Area,26893131.75,26893131.75,26893131.75
169,160802_Poo_0801PooledDiatoms_1,AMP,11.83,,10613575,638144,1.506273909,253.1638156,160802_Poo_0801PooledDiatoms_1 AMP,160802,Poo,0801PooledDiatoms,1,8638247.885,8338118.271,7842911.339,8303466.641,7497446.891,10612914.4,10947395.53,11405845.17,10370910.7,7662505.329,17113306.29,13C-Isethionic Acid.Norm.Area,Heavy Histidine.Norm.Area,13C-Isethionic Acid.Norm.Area,8338118.271,7662505.329,8338118.271
170,160802_Poo_0801PooledDiatoms_2,AMP,11.85,,10054322,693768,1.360557413,82.09501379,160802_Poo_0801PooledDiatoms_2 AMP,160802,Poo,0801PooledDiatoms,2,7083876.539,7902951.169,7172337.032,8325755.717,10456670.21,11452677.78,10963664.75,10670340.9,9532170.161,6970348.527,14964621.06,13C-Isethionic Acid.Norm.Area,Heavy Histidine.Norm.Area,13C-Isethionic Acid.Norm.Area,7902951.169,6970348.527,7902951.169
171,160802_Poo_0801PooledDiatoms_3,AMP,11.82,,11173118,750424,1.652795833,79.38749237,160802_Poo_0801PooledDiatoms_3 AMP,160802,Poo,0801PooledDiatoms,3,9225831.235,8261943.944,6695707.911,8885796.237,7894676.162,8659813.567,11657689.09,12251442.47,9696454.359,6944607.768,16509271.6,13C-Isethionic Acid.Norm.Area,Heavy Histidine.Norm.Area,13C-Isethionic Acid.Norm.Area,8261943.944,6944607.768,8261943.944
172,160802_Smp_Np_12,AMP,11.935,,6177157,427083,1.678336747,Inf,160802_Smp_Np_12 AMP,160802,Smp,Np,12,7441002.974,7709832.319,10795860.36,8425132.781,9402566.846,6198031.937,6752403.046,3455127.564,6297041.857,10203074.42,3494569.782,13C-Isethionic Acid.Norm.Area,Heavy Histidine.Norm.Area,13C-Isethionic Acid.Norm.Area,7709832.319,10203074.42,7709832.319
173,160802_Smp_Np_34,AMP,11.95,,4312243,356984,1.445749077,217.0442385,160802_Smp_Np_34 AMP,160802,Smp,Np,34,4757960.618,5255578.589,6983878.198,5662186.017,6632056.989,4524726.978,4696091.197,2438444.537,4313337.456,6714656.075,2670606.974,13C-Isethionic Acid.Norm.Area,Heavy Histidine.Norm.Area,13C-Isethionic Acid.Norm.Area,5255578.589,6714656.075,5255578.589
174,160802_Smp_Np_56,AMP,11.85,,4822410,345609,1.412436113,6783.57384,160802_Smp_Np_56 AMP,160802,Smp,Np,56,5024944.672,6085625.288,6579715.759,6037464.614,9296710.269,5107533.069,5402943.064,2758033.958,5181625.615,7411418.649,3369088.533,13C-Isethionic Acid.Norm.Area,Heavy Histidine.Norm.Area,13C-Isethionic Acid.Norm.Area,6085625.288,7411418.649,6085625.288
175,160802_Smp_Pt_12,AMP,11.94,,4244733,359000,1.541037189,169.7632395,160802_Smp_Pt_12 AMP,160802,Smp,Pt,12,6327437.402,5492077.868,5728377.278,3624102.991,4868839.377,4425531.933,3454675.443,7031504.287,5618942.914,5094412.567,6361290.738,13C-Isethionic Acid.Norm.Area,Heavy Histidine.Norm.Area,13C-Isethionic Acid.Norm.Area,5492077.868,5094412.567,5492077.868
176,160802_Smp_Pt_34,AMP,11.91,,8272897,565333,1.428134655,143.3980068,160802_Smp_Pt_34 AMP,160802,Smp,Pt,34,8640605.781,10375656.46,8363058.201,7589535.482,8885455.604,9249803.211,9534993.383,12031667.95,10853081.09,7346189.002,9498890.236,13C-Isethionic Acid.Norm.Area,Heavy Histidine.Norm.Area,13C-Isethionic Acid.Norm.Area,10375656.46,7346189.002,10375656.46
177,160802_Smp_Pt_56,AMP,11.91,,10233014,719618,1.544543406,75.49072234,160802_Smp_Pt_56 AMP,160802,Smp,Pt,56,10682411.06,10952364.76,11483794.25,8803225.808,7625465.94,9241928.366,9903856.391,15616368.08,11310606.8,7368226.388,13167275.39,13C-Isethionic Acid.Norm.Area,Heavy Histidine.Norm.Area,13C-Isethionic Acid.Norm.Area,10952364.76,7368226.388,10952364.76
178,160802_Smp_Tp_12,AMP,11.97,,10777365,755342,1.510185737,92.07965926,160802_Smp_Tp_12 AMP,160802,Smp,Tp,12,15983705.38,12560376.35,11976402.4,14396906.09,11104234.79,10480366.6,8878452.599,16566713.75,10579636.6,16726775.96,9191444.085,13C-Isethionic Acid.Norm.Area,Heavy Histidine.Norm.Area,13C-Isethionic Acid.Norm.Area,12560376.35,16726775.96,12560376.35
179,160802_Smp_Tp_34,AMP,11.87,,10842141,884951,1.677527077,68.30653812,160802_Smp_Tp_34 AMP,160802,Smp,Tp,34,10998513.34,9437663.802,11341854.78,11909164.74,10366214.16,11844742.58,9467396.286,17546668.28,8886026.638,14392233.69,11728216.31,13C-Isethionic Acid.Norm.Area,Heavy Histidine.Norm.Area,13C-Isethionic Acid.Norm.Area,9437663.802,14392233.69,9437663.802
180,160802_Smp_Tp_56,AMP,11.845,,13401723,869488,1.471217303,92.14586224,160802_Smp_Tp_56 AMP,160802,Smp,Tp,56,11182156.16,11386549.92,11390897.03,15219807.71,10981629.04,12967331.4,14246118.77,19270226.05,11196974.16,14576392.4,16646456.88,13C-Isethionic Acid.Norm.Area,Heavy Histidine.Norm.Area,13C-Isethionic Acid.Norm.Area,11386549.92,14576392.4,11386549.92
181,160802_Poo_0801PooledDiatoms_1,DHAP,13.73,,565324,23948,6.102045442,Inf,160802_Poo_0801PooledDiatoms_1 DHAP,160802,Poo,0801PooledDiatoms,1,460109.7036,444123.528,417746.7074,442277.8353,399345.8063,565288.8137,583104.6967,607523.6679,552398.6709,408137.5185,911527.2435,13C Acetyl CoA.Norm.Area,D-Methionine.Norm.Area,13C Acetyl CoA.Norm.Area,460109.7036,607523.6679,460109.7036
182,160802_Poo_0801PooledDiatoms_2,DHAP,13.68,,649811,24772,7.075314126,420.2329032,160802_Poo_0801PooledDiatoms_2 DHAP,160802,Poo,0801PooledDiatoms,2,457831.0599,510767.867,463548.263,538093.7321,675814.7719,740186.7574,708581.837,689624.3122,616064.3178,450493.7426,967163.7106,13C Acetyl CoA.Norm.Area,D-Methionine.Norm.Area,13C Acetyl CoA.Norm.Area,457831.0599,689624.3122,457831.0599
183,160802_Poo_0801PooledDiatoms_3,DHAP,13.55,,577387,22932,12.36268842,83.1552362,160802_Poo_0801PooledDiatoms_3 DHAP,160802,Poo,0801PooledDiatoms,3,476758.1457,426947.8786,346010.3709,459186.3464,407968.7859,447508.3657,602427.9105,633110.9732,501078.2749,358872.6303,853140.4393,13C Acetyl CoA.Norm.Area,D-Methionine.Norm.Area,13C Acetyl CoA.Norm.Area,476758.1457,633110.9732,476758.1457
184,160802_Smp_Np_12,DHAP,14.04,,353029,19958,12.39698704,Inf,160802_Smp_Np_12 DHAP,160802,Smp,Np,12,425258.7135,440622.5054,616991.2448,481502.4453,537363.5106,354222.0178,385904.7285,197463.0447,359880.5065,583113.0989,199717.1961,13C Acetyl CoA.Norm.Area,D-Methionine.Norm.Area,13C Acetyl CoA.Norm.Area,425258.7135,197463.0447,425258.7135
185,160802_Smp_Np_34,DHAP,14.01,,235995,8760,12.88745085,Inf,160802_Smp_Np_34 DHAP,160802,Smp,Np,34,260387.6721,287620.6812,382204.8839,309872.98,362950.8562,247623.5553,257001.7603,133448.1193,236054.896,367471.2349,146153.6126,13C Acetyl CoA.Norm.Area,D-Methionine.Norm.Area,13C Acetyl CoA.Norm.Area,260387.6721,133448.1193,260387.6721
186,160802_Smp_Np_56,DHAP,13.94,,284644,13178,8.967989918,Inf,160802_Smp_Np_56 DHAP,160802,Smp,Np,56,296598.6615,359205.6097,388369.4279,356362.9135,548740.7329,301473.463,318910.1145,162793.6691,305846.7948,437460.9065,198861.3238,13C Acetyl CoA.Norm.Area,D-Methionine.Norm.Area,13C Acetyl CoA.Norm.Area,296598.6615,162793.6691,296598.6615
187,160802_Smp_Pt_12,DHAP,14.19,,201441,10008,9.579655697,Inf,160802_Smp_Pt_12 DHAP,160802,Smp,Pt,12,300279.2679,260635.8651,271849.8542,171987.9509,231059.0261,210021.1198,163947.4794,333691.9554,266656.461,241763.9842,301885.8353,13C Acetyl CoA.Norm.Area,D-Methionine.Norm.Area,13C Acetyl CoA.Norm.Area,300279.2679,333691.9554,300279.2679
188,160802_Smp_Pt_34,DHAP,13.52,,779985,29060,10.16863307,172.538377,160802_Smp_Pt_34 DHAP,160802,Smp,Pt,34,814653.3071,978237.2971,788485.5753,715556.3321,837738.2299,872089.6389,898977.9293,1134369.318,1023249.831,692613.1474,895574.0535,13C Acetyl CoA.Norm.Area,D-Methionine.Norm.Area,13C Acetyl CoA.Norm.Area,814653.3071,1134369.318,814653.3071
189,160802_Smp_Pt_56,DHAP,14.09,,731157,21340,5.355166883,Inf,160802_Smp_Pt_56 DHAP,160802,Smp,Pt,56,763266.7775,782555.1847,820526.245,628997.495,544845.6144,660343.1422,707638.4267,1115801.936,808151.8636,526465.6436,940812.3131,13C Acetyl CoA.Norm.Area,D-Methionine.Norm.Area,13C Acetyl CoA.Norm.Area,763266.7775,1115801.936,763266.7775
190,160802_Smp_Tp_12,DHAP,13.53,,492586,16019,7.092568861,Inf,160802_Smp_Tp_12 DHAP,160802,Smp,Tp,12,730544.943,574079.6143,547388.7312,658019.3194,507525.7818,479011.5082,405795.0577,757191.694,483548.7037,764507.4343,420100.5233,13C Acetyl CoA.Norm.Area,D-Methionine.Norm.Area,13C Acetyl CoA.Norm.Area,730544.943,757191.694,730544.943
191,160802_Smp_Tp_34,DHAP,14.03,Bad IR,429865,14674,4.441304707,Inf,160802_Smp_Tp_34 DHAP,160802,Smp,Tp,34,436064.7899,374180.8329,449677.4581,472169.9434,410995.6372,469615.7583,375359.6549,695683.4964,352309.7367,570617.6978,464995.7701,13C Acetyl CoA.Norm.Area,D-Methionine.Norm.Area,13C Acetyl CoA.Norm.Area,436064.7899,695683.4964,436064.7899
192,160802_Smp_Tp_56,DHAP,13.76,,590192,21077,5.186267015,429.2960813,160802_Smp_Tp_56 DHAP,160802,Smp,Tp,56,492445.5688,501446.7668,501638.2071,670257.7537,483614.6522,571062.0385,627377.9371,848632.1688,493098.1318,641922.6978,733085.2667,13C Acetyl CoA.Norm.Area,D-Methionine.Norm.Area,13C Acetyl CoA.Norm.Area,492445.5688,848632.1688,492445.5688
193,160802_Poo_0801PooledDiatoms_1,Dimethyl Glycine,8.81,,111157968,5733330,196.0969848,41.93631113,160802_Poo_0801PooledDiatoms_1 Dimethyl Glycine,160802,Poo,0801PooledDiatoms,1,90469995.45,87326681.53,82140286.15,86963768.49,78522172,111151049.4,114654133.2,119455562.5,108616499.2,80250860.07,179230876.7,13C-Sulfolactic Acid.Norm.Area,Heavy Histidine.Norm.Area,13C-Sulfolactic Acid.Norm.Area,86963768.49,80250860.07,86963768.49
194,160802_Poo_0801PooledDiatoms_2,Dimethyl Glycine,8.87,,107125792,5230826,163.9011506,40.51660146,160802_Poo_0801PooledDiatoms_2 Dimethyl Glycine,160802,Poo,0801PooledDiatoms,2,75476584.56,84203579.63,76419104.64,88708435.56,111412691.8,122024854.3,116814566.8,113689289.1,101562420.4,74266977.57,159443559,13C-Sulfolactic Acid.Norm.Area,Heavy Histidine.Norm.Area,13C-Sulfolactic Acid.Norm.Area,88708435.56,74266977.57,88708435.56
195,160802_Poo_0801PooledDiatoms_3,Dimethyl Glycine,8.82,,106273008,5604441,177.4235958,69.79277693,160802_Poo_0801PooledDiatoms_3 Dimethyl Glycine,160802,Poo,0801PooledDiatoms,3,87751408.03,78583403.02,63686163.56,84517168.31,75090138.93,82367736.25,110882001.4,116529481.1,92227735.5,66053572.24,157027783.3,13C-Sulfolactic Acid.Norm.Area,Heavy Histidine.Norm.Area,13C-Sulfolactic Acid.Norm.Area,84517168.31,66053572.24,84517168.31
196,160802_Smp_Np_12,Dimethyl Glycine,8.34,comparable to blkbad S/N,NA,224682,73.96625266,1.645975873,160802_Smp_Np_12 Dimethyl Glycine,160802,Smp,Np,12,NA,NA,NA,NA,NA,NA,NA,NA,NA,NA,NA,13C-Sulfolactic Acid.Norm.Area,Heavy Histidine.Norm.Area,13C-Sulfolactic Acid.Norm.Area,NA,NA,NA
197,160802_Smp_Np_34,Dimethyl Glycine,9.05,comparable to blk,NA,206093,NA,17.97807006,160802_Smp_Np_34 Dimethyl Glycine,160802,Smp,Np,34,NA,NA,NA,NA,NA,NA,NA,NA,NA,NA,NA,13C-Sulfolactic Acid.Norm.Area,Heavy Histidine.Norm.Area,13C-Sulfolactic Acid.Norm.Area,NA,NA,NA
198,160802_Smp_Np_56,Dimethyl Glycine,8.62,comparable to blkbad S/N,NA,116810,NA,1.508928908,160802_Smp_Np_56 Dimethyl Glycine,160802,Smp,Np,56,NA,NA,NA,NA,NA,NA,NA,NA,NA,NA,NA,13C-Sulfolactic Acid.Norm.Area,Heavy Histidine.Norm.Area,13C-Sulfolactic Acid.Norm.Area,NA,NA,NA
199,160802_Smp_Pt_12,Dimethyl Glycine,8.86,,123278904,6646915,158.1628214,49.64675505,160802_Smp_Pt_12 Dimethyl Glycine,160802,Smp,Pt,12,183766457.9,159505283.4,166368078.4,105254074.8,141404696.6,128529810.1,100333425.5,204214527,163189798.8,147955972.2,184749653.3,13C-Sulfolactic Acid.Norm.Area,Heavy Histidine.Norm.Area,13C-Sulfolactic Acid.Norm.Area,105254074.8,147955972.2,105254074.8
200,160802_Smp_Pt_34,Dimethyl Glycine,8.83,,202620336,10943809,159.7191369,318.7889629,160802_Smp_Pt_34 Dimethyl Glycine,160802,Smp,Pt,34,211626283.6,254121258.5,204828570,185883400.9,217623161.5,226546787,233531683.4,294680400.7,265814374.1,179923342.9,232647442.8,13C-Sulfolactic Acid.Norm.Area,Heavy Histidine.Norm.Area,13C-Sulfolactic Acid.Norm.Area,185883400.9,179923342.9,185883400.9
201,160802_Smp_Pt_56,Dimethyl Glycine,8.885,,229786384,12254117,169.6950065,136.5377617,160802_Smp_Pt_56 Dimethyl Glycine,160802,Smp,Pt,56,239877772.9,245939690.4,257873150.1,197679923.6,171232859.1,207531163.4,222395019.5,350671732.8,253984157.3,165456443.1,295676386.1,13C-Sulfolactic Acid.Norm.Area,Heavy Histidine.Norm.Area,13C-Sulfolactic Acid.Norm.Area,197679923.6,165456443.1,197679923.6
202,160802_Smp_Tp_12,Dimethyl Glycine,8.88,,149483440,7691297,163.8395532,86.12297789,160802_Smp_Tp_12 Dimethyl Glycine,160802,Smp,Tp,12,221696051.3,174214036.9,166114243.1,199686940.9,154017166,145364034,123145280.5,229782452.5,146740921.7,232002536,127486512.7,13C-Sulfolactic Acid.Norm.Area,Heavy Histidine.Norm.Area,13C-Sulfolactic Acid.Norm.Area,199686940.9,232002536,199686940.9
203,160802_Smp_Tp_34,Dimethyl Glycine,8.87,,144174512,7455628,187.5777531,65.10730668,160802_Smp_Tp_34 Dimethyl Glycine,160802,Smp,Tp,34,146253889.7,125498328.5,150819508.6,158363372.6,137845824.7,157506712.1,125893699.4,233328669.7,118162875.2,191382243.5,155957191.8,13C-Sulfolactic Acid.Norm.Area,Heavy Histidine.Norm.Area,13C-Sulfolactic Acid.Norm.Area,158363372.6,191382243.5,158363372.6
204,160802_Smp_Tp_56,Dimethyl Glycine,8.88,,136676176,7106989,198.0317631,88.10665383,160802_Smp_Tp_56 Dimethyl Glycine,160802,Smp,Tp,56,114040138.2,116124628.2,116168961.8,155217737.1,111995081.8,132246075.3,145287664.6,196525536.9,114191258.2,148655928.3,169767280.7,13C-Sulfolactic Acid.Norm.Area,Heavy Histidine.Norm.Area,13C-Sulfolactic Acid.Norm.Area,155217737.1,148655928.3,155217737.1
205,160802_Poo_0801PooledDiatoms_1,Lysine,17.91,,111848488,4044655,1.807342009,32.47206799,160802_Poo_0801PooledDiatoms_1 Lysine,160802,Poo,0801PooledDiatoms,1,91032000.52,87869160.14,82650546.56,87503992.66,79009956.46,111841526.4,115366371.6,120197627.7,109291231.4,80749383.25,180344269.8,Heavy Isoleucine.Norm.Area,Heavy Histidine.Norm.Area,Heavy Isoleucine.Norm.Area,180344269.8,80749383.25,180344269.8
206,160802_Poo_0801PooledDiatoms_2,Lysine,17.93,,116692840,4150224,1.801860511,37.56413875,160802_Poo_0801PooledDiatoms_2 Lysine,160802,Poo,0801PooledDiatoms,2,82217147.16,91723521.12,83243840.58,96630690.74,121362588.6,132922488,127246887.1,123842501.2,110632622.2,80899514.2,173682932.6,Heavy Isoleucine.Norm.Area,Heavy Histidine.Norm.Area,Heavy Isoleucine.Norm.Area,173682932.6,80899514.2,173682932.6
207,160802_Poo_0801PooledDiatoms_3,Lysine,17.895,,120044664,4259891,1.790087286,33.26250836,160802_Poo_0801PooledDiatoms_3 Lysine,160802,Poo,0801PooledDiatoms,3,99122895.75,88766831.67,71939095.82,95469538.91,84820884.13,93041567.27,125250925.5,131630248.1,104179299.4,74613291.13,177376625,Heavy Isoleucine.Norm.Area,Heavy Histidine.Norm.Area,Heavy Isoleucine.Norm.Area,177376625,74613291.13,177376625
208,160802_Smp_Np_12,Lysine,17.85,,13969832,379532,1.622128467,51.19828742,160802_Smp_Np_12 Lysine,160802,Smp,Np,12,16828058.84,17436024.74,24415172.79,19053698.9,21264196.33,14017041.32,15270768.76,7813878.067,14240955.32,23074569.03,7903077.867,Heavy Isoleucine.Norm.Area,Heavy Histidine.Norm.Area,Heavy Isoleucine.Norm.Area,7903077.867,23074569.03,7903077.867
209,160802_Smp_Np_34,Lysine,17.895,,11002475,314946,1.640265818,31.00189515,160802_Smp_Np_34 Lysine,160802,Smp,Np,34,12139701.49,13409349.16,17819020.23,14446787.92,16921365.8,11544617.37,11981844.71,6221570.782,11005267.45,17132113.29,6813921.773,Heavy Isoleucine.Norm.Area,Heavy Histidine.Norm.Area,Heavy Isoleucine.Norm.Area,6813921.773,17132113.29,6813921.773
210,160802_Smp_Np_56,Lysine,17.95,,12793187,360771,1.646408956,39.94377846,160802_Smp_Np_56 Lysine,160802,Smp,Np,56,13330483.48,16144322.51,17455076.22,16016558.9,24662887.01,13549579.08,14333260.96,7316682.775,13746136.36,19661469,8937726.08,Heavy Isoleucine.Norm.Area,Heavy Histidine.Norm.Area,Heavy Isoleucine.Norm.Area,8937726.08,19661469,8937726.08
211,160802_Smp_Pt_12,Lysine,17.87,,47264212,1639069,1.737777008,25.06632263,160802_Smp_Pt_12 Lysine,160802,Smp,Pt,12,70454688.86,61153135.58,63784279.97,40353626.97,54213505.66,49277370.21,38467086.75,78294326.01,62565751.27,56725215.84,70831638.65,Heavy Isoleucine.Norm.Area,Heavy Histidine.Norm.Area,Heavy Isoleucine.Norm.Area,70831638.65,56725215.84,70831638.65
212,160802_Smp_Pt_34,Lysine,17.85,,124157848,4536436,1.797367714,33.13518338,160802_Smp_Pt_34 Lysine,160802,Smp,Pt,34,129676341.8,155715606.9,125510967.8,113902106.2,133350995,138819045,143099117.4,180568669.1,162880692.5,110250014.9,142557289.2,Heavy Isoleucine.Norm.Area,Heavy Histidine.Norm.Area,Heavy Isoleucine.Norm.Area,142557289.2,110250014.9,142557289.2
213,160802_Smp_Pt_56,Lysine,17.875,,149500496,5725187,1.75763252,31.05711154,160802_Smp_Pt_56 Lysine,160802,Smp,Pt,56,156066018.4,160009940.8,167773926.3,128611826.8,111405197,135021106.7,144691626.8,228149279.7,165243722.6,107647023.6,192368954.2,Heavy Isoleucine.Norm.Area,Heavy Histidine.Norm.Area,Heavy Isoleucine.Norm.Area,192368954.2,107647023.6,192368954.2
214,160802_Smp_Tp_12,Lysine,17.82,,87731504,3255483,1.854605482,57.0997283,160802_Smp_Tp_12 Lysine,160802,Smp,Tp,12,130112927.7,102245837.2,97492085.98,117195828.9,90392337.9,85313833.62,72273695.81,134858818.8,86121925.98,136161781,74821555.5,Heavy Isoleucine.Norm.Area,Heavy Histidine.Norm.Area,Heavy Isoleucine.Norm.Area,74821555.5,136161781,74821555.5
215,160802_Smp_Tp_34,Lysine,17.87,,102662352,3758205,1.823276063,53.40481974,160802_Smp_Tp_34 Lysine,160802,Smp,Tp,34,104143014.6,89363601.09,107394055.1,112765814.7,98155883.3,112155812.4,89645132.83,166146357.6,84140244.49,136277563.8,111052445.4,Heavy Isoleucine.Norm.Area,Heavy Histidine.Norm.Area,Heavy Isoleucine.Norm.Area,111052445.4,136277563.8,111052445.4
216,160802_Smp_Tp_56,Lysine,17.925,,129250504,4806933,1.827984617,63.95468644,160802_Smp_Tp_56 Lysine,160802,Smp,Tp,56,107844291.3,109815530.1,109857455,146784694.6,105910343.6,125061092.5,137394126.9,185848224.9,107987200.9,140579391.5,160543755.6,Heavy Isoleucine.Norm.Area,Heavy Histidine.Norm.Area,Heavy Isoleucine.Norm.Area,160543755.6,140579391.5,160543755.6
217,160802_Poo_0801PooledDiatoms_1,Methionine,7.65,,43111376,1221622,1.167812464,262.5362627,160802_Poo_0801PooledDiatoms_1 Methionine,160802,Poo,0801PooledDiatoms,1,35087776.98,33868677.79,31857192.29,33727926.03,30453947.14,43108692.7,44467324.62,46329505.34,42125695.71,31124399.49,69512693.12,13C-Isethionic Acid.Norm.Area,Heavy Histidine.Norm.Area,D-Methionine.Norm.Area,33868677.79,31124399.49,46329505.34
218,160802_Poo_0801PooledDiatoms_2,Methionine,7.6,,43266912,1357944,1.140457812,139.6684443,160802_Poo_0801PooledDiatoms_2 Methionine,160802,Poo,0801PooledDiatoms,2,30484150.28,34008886.21,30864823.63,35828347.25,44998343,49284477.02,47180100.04,45917835.23,41019928.3,29995603.52,64397474.27,13C-Isethionic Acid.Norm.Area,Heavy Histidine.Norm.Area,D-Methionine.Norm.Area,34008886.21,29995603.52,45917835.23
219,160802_Poo_0801PooledDiatoms_3,Methionine,7.62,,45483280,1394257,1.161621486,95.89997413,160802_Poo_0801PooledDiatoms_3 Methionine,160802,Poo,0801PooledDiatoms,3,37556308.39,33632537.47,27256738.69,36172101.49,32137471.95,35252176.27,47455861.2,49872899.23,39472110.53,28269954.69,67205575.25,13C-Isethionic Acid.Norm.Area,Heavy Histidine.Norm.Area,D-Methionine.Norm.Area,33632537.47,28269954.69,49872899.23
220,160802_Smp_Np_12,Methionine,8.05,,33450830,952765,1.116288403,100.096834,160802_Smp_Np_12 Methionine,160802,Smp,Np,12,40294867.93,41750645.2,58462248.83,45624173.77,50917220.51,33563872.94,36565929.34,18710368.66,34100036.09,55252166.66,18923958.01,13C-Isethionic Acid.Norm.Area,Heavy Histidine.Norm.Area,D-Methionine.Norm.Area,41750645.2,55252166.66,18710368.66
221,160802_Smp_Np_34,Methionine,8.015,,28251390,902587,1.169703883,218.7438225,160802_Smp_Np_34 Methionine,160802,Smp,Np,34,31171481.07,34431594.05,45754440.71,37095457.15,43449506.09,29643465.48,30766147.42,15975316.7,28258560.26,43990648.83,17496314.37,13C-Isethionic Acid.Norm.Area,Heavy Histidine.Norm.Area,D-Methionine.Norm.Area,34431594.05,43990648.83,15975316.7
222,160802_Smp_Np_56,Methionine,7.92,,28123074,774855,1.165981361,Inf,160802_Smp_Np_56 Methionine,160802,Smp,Np,56,29304204.92,35489825.69,38371236.21,35208964.83,54216060.19,29785839.54,31508595.83,16084155.66,30217928.51,43221516.86,19647671.21,13C-Isethionic Acid.Norm.Area,Heavy Histidine.Norm.Area,D-Methionine.Norm.Area,35489825.69,43221516.86,16084155.66
223,160802_Smp_Pt_12,Methionine,8.29,,24672552,682892,1.19389975,Inf,160802_Smp_Pt_12 Methionine,160802,Smp,Pt,12,36778291.67,31922756.22,33296248.85,21065134.02,28300176.41,25723447.56,20080334.74,40870687.31,32660160.54,29611322.78,36975064.51,13C-Isethionic Acid.Norm.Area,Heavy Histidine.Norm.Area,D-Methionine.Norm.Area,31922756.22,29611322.78,40870687.31
224,160802_Smp_Pt_34,Methionine,8.35,,38287820,975138,1.151275372,849.2203859,160802_Smp_Pt_34 Methionine,160802,Smp,Pt,34,39989614.14,48019607.49,38705095.33,35125152.46,41122804.35,42809042.64,44128932.15,55683799.37,50229177.92,33998919.87,43961843.06,13C-Isethionic Acid.Norm.Area,Heavy Histidine.Norm.Area,D-Methionine.Norm.Area,48019607.49,33998919.87,55683799.37
225,160802_Smp_Pt_56,Methionine,8.28,,39174624,969023,1.13380307,147.5156578,160802_Smp_Pt_56 Methionine,160802,Smp,Pt,56,40895032.15,41928484.75,43962934.27,33701025.04,29192255.68,35380491.88,37914523.55,59783495.62,43299927.91,28207476.14,50407735.44,13C-Isethionic Acid.Norm.Area,Heavy Histidine.Norm.Area,D-Methionine.Norm.Area,41928484.75,28207476.14,59783495.62
226,160802_Smp_Tp_12,Methionine,8.37,,38784040,1480883,1.147266861,106.8013934,160802_Smp_Tp_12 Methionine,160802,Smp,Tp,12,57519873.26,45200486.26,43098964.34,51809526.87,39960332.25,37715244.64,31950505.59,59617920.42,38072483.31,60193929.41,33076854.6,13C-Isethionic Acid.Norm.Area,Heavy Histidine.Norm.Area,D-Methionine.Norm.Area,45200486.26,60193929.41,59617920.42
227,160802_Smp_Tp_34,Methionine,8.39,,41280848,1168140,1.144423374,8198.150119,160802_Smp_Tp_34 Methionine,160802,Smp,Tp,34,41876226.98,35933379.29,43183480.39,45343481.47,39468783.05,45098197.66,36046584.07,66807962.2,33833051.51,54797628.21,44654530.39,13C-Isethionic Acid.Norm.Area,Heavy Histidine.Norm.Area,D-Methionine.Norm.Area,35933379.29,54797628.21,66807962.2
228,160802_Smp_Tp_56,Methionine,7.595,,46408264,1135018,1.189367635,1959.319858,160802_Smp_Tp_56 Methionine,160802,Smp,Tp,56,38722219.15,39430005.72,39445059.15,52704033.23,38027822.22,44904027.58,49332286.66,66730056.88,38773531.8,50475977.36,57644316.75,13C-Isethionic Acid.Norm.Area,Heavy Histidine.Norm.Area,D-Methionine.Norm.Area,39430005.72,50475977.36,66730056.88
229,160802_Blk_Blk_9,Picolinic Acid,5.45,Blank used for comparison,96287,8223,NA,8.889790233,160802_Blk_Blk_9 Picolinic Acid,160802,Blk,Blk,9,NA,NA,NA,NA,NA,NA,NA,NA,NA,NA,NA,d4 Taurine.Norm.Area,13C-Sulfolactic Acid.Norm.Area,d4 Taurine.Norm.Area,NA,NA,NA
230,160802_Blk_Blk_9,Ketoglutaric Acid,13.07,Blank used for comparison,48403,9857,NA,Inf,160802_Blk_Blk_9 Ketoglutaric Acid,160802,Blk,Blk,9,NA,NA,NA,NA,NA,NA,NA,NA,NA,NA,NA,D-Methionine.Norm.Area,Heavy Histidine.Norm.Area,D-Methionine.Norm.Area,NA,NA,NA
231,160802_Blk_Blk_9,Sarcosine,10.77,Blank used for comparison,170342,13928,NA,62.89752907,160802_Blk_Blk_9 Sarcosine,160802,Blk,Blk,9,NA,NA,NA,NA,NA,NA,NA,NA,NA,NA,NA,13C-Isethionic Acid.Norm.Area,Heavy Histidine.Norm.Area,13C-Isethionic Acid.Norm.Area,NA,NA,NA
232,160802_Blk_0801FilterBlank_1,13C Acetyl CoA,10.88,Blank used for comparison,1030398,47157,NA,Inf,160802_Blk_0801FilterBlank_1 13C Acetyl CoA,160802,Blk,0801FilterBlank,1,923978.75,863097.7157,2997191.412,2142755.239,2490486.14,950936.1158,776400.8873,532279.6609,1093500.473,1910343.541,1798487.473,13C Acetyl CoA.Norm.Area,13C Acetyl CoA.Norm.Area,13C Acetyl CoA.Norm.Area,923978.75,923978.75,923978.75
233,160802_Blk_0801FilterBlank_1,13C-Isethionic Acid,6.84,Blank used for comparison,22871824,791969,NA,326.63319,160802_Blk_0801FilterBlank_1 13C-Isethionic Acid,160802,Blk,0801FilterBlank,1,20509627.69,19158246.67,66528889.3,47562903.56,55281513.22,21108002.42,17233830.47,11815052.75,24272514.48,42404043.15,39921165.35,13C-Isethionic Acid.Norm.Area,13C-Isethionic Acid.Norm.Area,13C-Isethionic Acid.Norm.Area,19158246.67,19158246.67,19158246.67
234,160802_Blk_0801FilterBlank_1,13C-Sulfoacetic Acid,13.99,Blank used for comparison,1328183,119548,NA,Inf,160802_Blk_0801FilterBlank_1 13C-Sulfoacetic Acid,160802,Blk,0801FilterBlank,1,1191008.589,1112532.937,3863379.667,2762011.457,3210236.581,1225756.633,1000780.727,686108.4716,1409522.087,2462432.784,2318250.314,13C-Sulfoacetic Acid.Norm.Area,13C-Sulfoacetic Acid.Norm.Area,13C-Sulfoacetic Acid.Norm.Area,3863379.667,3863379.667,3863379.667
235,160802_Blk_0801FilterBlank_1,13C-Sulfolactic Acid,13.6,Blank used for comparison,1447700,136269,NA,Inf,160802_Blk_0801FilterBlank_1 13C-Sulfolactic Acid,160802,Blk,0801FilterBlank,1,1298181.903,1212644.593,4211027.203,3010552,3499110.814,1336056.761,1090836.322,747848.1763,1536358.412,2684015.638,2526858.858,13C-Sulfolactic Acid.Norm.Area,13C-Sulfolactic Acid.Norm.Area,13C-Sulfolactic Acid.Norm.Area,3010552,3010552,3010552
236,160802_Blk_0801FilterBlank_1,d3-Cysteic Acid,12.39,Blank used for comparison,715475,69671,NA,Inf,160802_Blk_0801FilterBlank_1 d3-Cysteic Acid,160802,Blk,0801FilterBlank,1,641580.9194,599307.1009,2081152.648,1487859.841,1729312.917,660299.2411,539107.6311,369597.7578,759291.3139,1326480.685,1248811.454,d3-Cysteic Acid.Norm.Area,d3-Cysteic Acid.Norm.Area,d3-Cysteic Acid.Norm.Area,1729312.917,1729312.917,1729312.917
237,160802_Blk_0801FilterBlank_1,d4 Succinic Acid,12.45,Blank used for comparison,3320585,260780,NA,11.19816895,160802_Blk_0801FilterBlank_1 d4 Succinic Acid,160802,Blk,0801FilterBlank,1,2977635.804,2781439.141,9658820.035,6905293.785,8025899.621,3064509.25,2502047.889,1715337.042,3523940.526,6156318.343,5795848.327,d4 Succinic Acid.Norm.Area,d4 Succinic Acid.Norm.Area,d4 Succinic Acid.Norm.Area,3064509.25,3064509.25,3064509.25
238,160802_Blk_0801FilterBlank_1,d4 Taurine,10.39,Blank used for comparison,9366308,520938,NA,199.1239133,160802_Blk_0801FilterBlank_1 d4 Taurine,160802,Blk,0801FilterBlank,1,8398958.032,7845550.01,27244441.38,19477624.7,22638495.27,8644000.23,7057476.667,4838417.045,9939908.883,17365004.59,16348233.99,d4 Taurine.Norm.Area,d4 Taurine.Norm.Area,d4 Taurine.Norm.Area,7057476.667,7057476.667,7057476.667
239,160802_Blk_0801FilterBlank_1,D-Methionine,7.99,Blank used for comparison,33319392,1497326,NA,Inf,160802_Blk_0801FilterBlank_1 D-Methionine,160802,Blk,0801FilterBlank,1,29878173.45,27909498.2,96918467.98,69289053.14,80533428.79,30749878.41,25106032.34,17212023.58,35359900.67,61773688.72,58156662.87,D-Methionine.Norm.Area,D-Methionine.Norm.Area,D-Methionine.Norm.Area,17212023.58,17212023.58,17212023.58
240,160802_Blk_0801FilterBlank_1,Heavy Alanine,11.2,Blank used for comparison,6524579,453918,NA,Inf,160802_Blk_0801FilterBlank_1 Heavy Alanine,160802,Blk,0801FilterBlank,1,5850722.098,5465217.548,18978503.6,13568131.77,15769997.19,6021418.725,4916244.912,3370445.884,6924149.917,12096478.6,11388195.24,Heavy Alanine.Norm.Area,Heavy Alanine.Norm.Area,Heavy Alanine.Norm.Area,6924149.917,6924149.917,6924149.917
241,160802_Blk_0801FilterBlank_1,Heavy Histidine,11.16,Blank used for comparison,43801308,2012626,NA,13.12886451,160802_Blk_0801FilterBlank_1 Heavy Histidine,160802,Blk,0801FilterBlank,1,39277519.77,36689520.83,127407957.1,91086630.8,105868363.9,40423453.56,33004115.3,22626737.8,46483738.36,81207015,76452112.41,Heavy Histidine.Norm.Area,Heavy Histidine.Norm.Area,Heavy Histidine.Norm.Area,81207015,81207015,81207015
242,160802_Blk_0801FilterBlank_1,Heavy Isoleucine,8.02,Blank used for comparison,15407741,741189,NA,46.48195805,160802_Blk_0801FilterBlank_1 Heavy Isoleucine,160802,Blk,0801FilterBlank,1,13816433.33,12906067.42,44817584.09,32041034.39,37240721.94,14219532.05,11609672.95,7959280.933,16351324.52,28565737.23,26893131.75,Heavy Isoleucine.Norm.Area,Heavy Isoleucine.Norm.Area,Heavy Isoleucine.Norm.Area,26893131.75,26893131.75,26893131.75
243,160802_Blk_Blk_9,AMP,11.38,Blank used for comparison,2087,536,NA,Inf,160802_Blk_Blk_9 AMP,160802,Blk,Blk,9,NA,NA,NA,NA,NA,NA,NA,NA,NA,NA,NA,13C-Isethionic Acid.Norm.Area,Heavy Histidine.Norm.Area,13C-Isethionic Acid.Norm.Area,NA,NA,NA
244,160802_Blk_0801FilterBlank_1,DHAP,13.27,Blank used for comparison,7030,2693,NA,Inf,160802_Blk_0801FilterBlank_1 DHAP,160802,Blk,0801FilterBlank,1,6303.943343,5888.576008,20448.65734,14619.17563,16991.6067,6487.86284,5297.077671,3631.534627,7460.52334,13033.52209,12270.37216,13C Acetyl CoA.Norm.Area,D-Methionine.Norm.Area,13C Acetyl CoA.Norm.Area,6303.943343,3631.534627,6303.943343
245,160802_Blk_Blk_9,Dimethyl Glycine,9.23,Blank used for comparison,4949096,158576,NA,1.401609784,160802_Blk_Blk_9 Dimethyl Glycine,160802,Blk,Blk,9,NA,NA,NA,NA,NA,NA,NA,NA,NA,NA,NA,13C-Sulfolactic Acid.Norm.Area,Heavy Histidine.Norm.Area,13C-Sulfolactic Acid.Norm.Area,NA,NA,NA
246,160802_Blk_Blk_9,Lysine,18.08,Blank used for comparison,213727,5082,NA,3.122771471,160802_Blk_Blk_9 Lysine,160802,Blk,Blk,9,NA,NA,NA,NA,NA,NA,NA,NA,NA,NA,NA,Heavy Isoleucine.Norm.Area,Heavy Histidine.Norm.Area,Heavy Isoleucine.Norm.Area,NA,NA,NA
247,160802_Blk_0801FilterBlank_1,Methionine,7.87,Blank used for comparison,15384,2518,NA,Inf,160802_Blk_0801FilterBlank_1 Methionine,160802,Blk,0801FilterBlank,1,13795.14429,12886.18112,44748.52697,31991.664,37183.33961,14197.6219,11591.7842,7947.016885,16326.1296,28521.72174,26851.6935,13C-Isethionic Acid.Norm.Area,Heavy Histidine.Norm.Area,D-Methionine.Norm.Area,12886.18112,28521.72174,7947.016885
